"Studentid","Grade"
39574,"Pass"
39575,"Pass"
39576,"Pass"
39577,"Fail"
39578,"Fail"
39579,"Pass"
39580,"Pass"
39581,"Fail"
39582,"Pass"
39583,"Pass"
39584,"Fail"
39585,"Fail"
39586,"Pass"
39587,"Fail"
39588,"Pass"
39589,"Fail"
39590,"Fail"
39591,"Fail"
39592,"Pass"
39593,"Pass"
39594,"Fail"
39595,"Fail"
39596,"Fail"
39597,"Pass"
39598,"Pass"
39599,"Pass"
39600,"Pass"
39601,"Pass"
39602,"Pass"
39603,"Fail"
39604,"Fail"
39605,"Pass"
39606,"Pass"
39607,"Pass"
39608,"Fail"
39609,"Pass"
39610,"Pass"
39611,"Pass"
39612,"Pass"
39613,"Pass"
39614,"Fail"
39615,"Pass"
39616,"Pass"
39617,"Pass"
39618,"Pass"
39619,"Fail"
39620,"Fail"
39621,"Pass"
39622,"Pass"
39623,"Pass"
39624,"Pass"
39625,"Pass"
39626,"Pass"
39627,"Fail"
39628,"Pass"
39629,"Fail"
39630,"Pass"
39631,"Pass"
39632,"Fail"
39633,"Pass"
39634,"Pass"
39635,"Pass"
39636,"Fail"
39637,"Fail"
39638,"Pass"
39639,"Pass"
39640,"Fail"
39641,"Pass"
39642,"Pass"
39643,"Fail"
39644,"Pass"
39645,"Pass"
39646,"Pass"
39647,"Pass"
39648,"Pass"
39649,"Fail"
39650,"Fail"
39651,"Pass"
39652,"Fail"
39653,"Pass"
39654,"Pass"
39655,"Fail"
39656,"Pass"
39657,"Pass"
39658,"Fail"
39659,"Pass"
39660,"Pass"
39661,"Pass"
39662,"Pass"
39663,"Fail"
39664,"Pass"
39665,"Fail"
39666,"Fail"
39667,"Fail"
39668,"Fail"
39669,"Pass"
39670,"Fail"
39671,"Fail"
39672,"Fail"
39673,"Pass"
39674,"Pass"
39675,"Pass"
39676,"Fail"
39677,"Pass"
39678,"Pass"
39679,"Fail"
39680,"Pass"
39681,"Pass"
39682,"Fail"
39683,"Fail"
39684,"Pass"
39685,"Pass"
39686,"Fail"
39687,"Pass"
39688,"Pass"
39689,"Pass"
39690,"Pass"
39691,"Pass"
39692,"Fail"
39693,"Pass"
39694,"Pass"
39695,"Fail"
39696,"Pass"
39697,"Pass"
39698,"Pass"
39699,"Pass"
39700,"Fail"
39701,"Pass"
39702,"Pass"
39703,"Pass"
39704,"Fail"
39705,"Fail"
39706,"Fail"
39707,"Fail"
39708,"Fail"
39709,"Pass"
39710,"Pass"
39711,"Pass"
39712,"Pass"
39713,"Pass"
39714,"Fail"
39715,"Pass"
39716,"Pass"
39717,"Fail"
39718,"Pass"
39719,"Pass"
39720,"Fail"
39721,"Pass"
39722,"Fail"
39723,"Fail"
39724,"Fail"
39725,"Pass"
39726,"Pass"
39727,"Fail"
39728,"Fail"
39729,"Fail"
39730,"Pass"
39731,"Pass"
39732,"Pass"
39733,"Pass"
39734,"Pass"
39735,"Fail"
39736,"Fail"
39737,"Fail"
39738,"Pass"
39739,"Fail"
39740,"Pass"
39741,"Fail"
39742,"Pass"
39743,"Fail"
39744,"Pass"
39745,"Pass"
39746,"Pass"
39747,"Pass"
39748,"Fail"
39749,"Fail"
39750,"Pass"
39751,"Pass"
39752,"Pass"
39753,"Fail"
39754,"Fail"
39755,"Fail"
39756,"Fail"
39757,"Fail"
39758,"Fail"
39759,"Fail"
39760,"Pass"
39761,"Pass"
39762,"Pass"
39763,"Pass"
39764,"Pass"
39765,"Pass"
39766,"Pass"
39767,"Pass"
39768,"Fail"
39769,"Pass"
39770,"Pass"
39771,"Pass"
39772,"Fail"
39773,"Pass"
39774,"Fail"
39775,"Pass"
39776,"Fail"
39777,"Pass"
39778,"Fail"
39779,"Pass"
39780,"Pass"
39781,"Fail"
39782,"Pass"
39783,"Pass"
39784,"Pass"
39785,"Fail"
39786,"Pass"
39787,"Fail"
39788,"Fail"
39789,"Fail"
39790,"Pass"
39791,"Pass"
39792,"Pass"
39793,"Pass"
39794,"Pass"
39795,"Fail"
39796,"Pass"
39797,"Pass"
39798,"Pass"
39799,"Fail"
39800,"Fail"
39801,"Pass"
39802,"Fail"
39803,"Fail"
39804,"Pass"
39805,"Pass"
39806,"Pass"
39807,"Pass"
39808,"Pass"
39809,"Fail"
39810,"Fail"
39811,"Fail"
39812,"Pass"
39813,"Pass"
39814,"Pass"
39815,"Fail"
39816,"Pass"
39817,"Pass"
39818,"Fail"
39819,"Pass"
39820,"Pass"
39821,"Fail"
39822,"Pass"
39823,"Pass"
39824,"Fail"
39825,"Pass"
39826,"Fail"
39827,"Fail"
39828,"Pass"
39829,"Fail"
39830,"Pass"
39831,"Pass"
39832,"Fail"
39833,"Fail"
39834,"Pass"
39835,"Pass"
39836,"Fail"
39837,"Pass"
39838,"Pass"
39839,"Pass"
39840,"Pass"
39841,"Fail"
39842,"Fail"
39843,"Fail"
39844,"Pass"
39845,"Fail"
39846,"Fail"
39847,"Pass"
39848,"Pass"
39849,"Pass"
39850,"Pass"
39851,"Pass"
39852,"Fail"
39853,"Pass"
39854,"Pass"
39855,"Fail"
39856,"Fail"
39857,"Pass"
39858,"Fail"
39859,"Fail"
39860,"Pass"
39861,"Fail"
39862,"Fail"
39863,"Pass"
39864,"Pass"
39865,"Fail"
39866,"Fail"
39867,"Fail"
39868,"Fail"
39869,"Pass"
39870,"Fail"
39871,"Pass"
39872,"Pass"
39873,"Pass"
39874,"Fail"
39875,"Pass"
39876,"Pass"
39877,"Fail"
39878,"Fail"
39879,"Pass"
39880,"Pass"
39881,"Fail"
39882,"Fail"
39883,"Fail"
39884,"Pass"
39885,"Fail"
39886,"Pass"
39887,"Fail"
39888,"Fail"
39889,"Pass"
39890,"Pass"
39891,"Fail"
39892,"Fail"
39893,"Pass"
39894,"Pass"
39895,"Fail"
39896,"Pass"
39897,"Fail"
39898,"Pass"
39899,"Pass"
39900,"Pass"
39901,"Fail"
39902,"Fail"
39903,"Pass"
39904,"Fail"
39905,"Pass"
39906,"Fail"
39907,"Fail"
39908,"Fail"
39909,"Pass"
39910,"Pass"
39911,"Fail"
39912,"Fail"
39913,"Pass"
39914,"Pass"
39915,"Pass"
39916,"Pass"
39917,"Fail"
39918,"Pass"
39919,"Pass"
39920,"Pass"
39921,"Pass"
39922,"Pass"
39923,"Pass"
39924,"Pass"
39925,"Fail"
39926,"Pass"
39927,"Pass"
39928,"Pass"
39929,"Pass"
39930,"Pass"
39931,"Pass"
39932,"Pass"
39933,"Pass"
39934,"Pass"
39935,"Fail"
39936,"Pass"
39937,"Fail"
39938,"Pass"
39939,"Pass"
39940,"Pass"
39941,"Pass"
39942,"Pass"
39943,"Pass"
39944,"Fail"
39945,"Pass"
39946,"Pass"
39947,"Fail"
39948,"Fail"
39949,"Pass"
39950,"Pass"
39951,"Fail"
39952,"Pass"
39953,"Pass"
39954,"Pass"
39955,"Fail"
39956,"Pass"
39957,"Fail"
39958,"Pass"
39959,"Pass"
39960,"Pass"
39961,"Pass"
39962,"Pass"
39963,"Pass"
39964,"Pass"
39965,"Fail"
39966,"Fail"
39967,"Pass"
39968,"Fail"
39969,"Pass"
39970,"Pass"
39971,"Fail"
39972,"Pass"
39973,"Pass"
39974,"Fail"
39975,"Fail"
39976,"Pass"
39977,"Pass"
39978,"Pass"
39979,"Pass"
39980,"Pass"
39981,"Pass"
39982,"Fail"
39983,"Pass"
39984,"Fail"
39985,"Fail"
39986,"Pass"
39987,"Fail"
39988,"Pass"
39989,"Pass"
39990,"Pass"
39991,"Fail"
39992,"Fail"
39993,"Pass"
39994,"Fail"
39995,"Fail"
39996,"Fail"
39997,"Pass"
39998,"Pass"
39999,"Pass"
40000,"Pass"
40001,"Pass"
40002,"Fail"
40003,"Pass"
40004,"Fail"
40005,"Pass"
40006,"Pass"
40007,"Fail"
40008,"Pass"
40009,"Fail"
40010,"Pass"
40011,"Pass"
40012,"Fail"
40013,"Pass"
40014,"Pass"
40015,"Fail"
40016,"Pass"
40017,"Pass"
40018,"Pass"
40019,"Fail"
40020,"Pass"
40021,"Fail"
40022,"Pass"
40023,"Pass"
40024,"Fail"
40025,"Fail"
40026,"Pass"
40027,"Pass"
40028,"Pass"
40029,"Pass"
40030,"Pass"
40031,"Pass"
40032,"Pass"
40033,"Pass"
40034,"Fail"
40035,"Pass"
40036,"Pass"
40037,"Fail"
40038,"Pass"
40039,"Pass"
40040,"Pass"
40041,"Pass"
40042,"Pass"
40043,"Fail"
40044,"Fail"
40045,"Fail"
40046,"Pass"
40047,"Fail"
40048,"Fail"
40049,"Pass"
40050,"Fail"
40051,"Pass"
40052,"Fail"
40053,"Pass"
40054,"Fail"
40055,"Pass"
40056,"Fail"
40057,"Pass"
40058,"Pass"
40059,"Pass"
40060,"Fail"
40061,"Pass"
40062,"Pass"
40063,"Pass"
40064,"Pass"
40065,"Pass"
40066,"Fail"
40067,"Pass"
40068,"Pass"
40069,"Pass"
40070,"Fail"
40071,"Fail"
40072,"Pass"
40073,"Pass"
40074,"Fail"
40075,"Pass"
40076,"Pass"
40077,"Pass"
40078,"Pass"
40079,"Fail"
40080,"Pass"
40081,"Pass"
40082,"Pass"
40083,"Fail"
40084,"Fail"
40085,"Pass"
40086,"Pass"
40087,"Pass"
40088,"Pass"
40089,"Fail"
40090,"Pass"
40091,"Fail"
40092,"Pass"
40093,"Pass"
40094,"Pass"
40095,"Pass"
40096,"Pass"
40097,"Pass"
40098,"Pass"
40099,"Pass"
40100,"Pass"
40101,"Pass"
40102,"Fail"
40103,"Pass"
40104,"Fail"
40105,"Fail"
40106,"Fail"
40107,"Pass"
40108,"Pass"
40109,"Pass"
40110,"Pass"
40111,"Fail"
40112,"Fail"
40113,"Pass"
40114,"Pass"
40115,"Fail"
40116,"Fail"
40117,"Fail"
40118,"Fail"
40119,"Pass"
40120,"Pass"
40121,"Pass"
40122,"Pass"
40123,"Pass"
40124,"Pass"
40125,"Pass"
40126,"Fail"
40127,"Pass"
40128,"Pass"
40129,"Fail"
40130,"Pass"
40131,"Pass"
40132,"Pass"
40133,"Fail"
40134,"Pass"
40135,"Fail"
40136,"Fail"
40137,"Fail"
40138,"Fail"
40139,"Fail"
40140,"Pass"
40141,"Pass"
40142,"Pass"
40143,"Fail"
40144,"Fail"
40145,"Fail"
40146,"Fail"
40147,"Fail"
40148,"Pass"
40149,"Fail"
40150,"Pass"
40151,"Pass"
40152,"Pass"
40153,"Pass"
40154,"Pass"
40155,"Pass"
40156,"Pass"
40157,"Fail"
40158,"Fail"
40159,"Pass"
40160,"Pass"
40161,"Fail"
40162,"Pass"
40163,"Pass"
40164,"Pass"
40165,"Pass"
40166,"Pass"
40167,"Fail"
40168,"Fail"
40169,"Pass"
40170,"Pass"
40171,"Pass"
40172,"Fail"
40173,"Pass"
40174,"Fail"
40175,"Fail"
40176,"Pass"
40177,"Pass"
40178,"Fail"
40179,"Fail"
40180,"Pass"
40181,"Pass"
40182,"Pass"
40183,"Fail"
40184,"Pass"
40185,"Fail"
40186,"Fail"
40187,"Pass"
40188,"Fail"
40189,"Pass"
40190,"Pass"
40191,"Pass"
40192,"Fail"
40193,"Pass"
40194,"Fail"
40195,"Pass"
40196,"Fail"
40197,"Fail"
40198,"Pass"
40199,"Pass"
40200,"Pass"
40201,"Pass"
40202,"Pass"
40203,"Pass"
40204,"Fail"
40205,"Pass"
40206,"Pass"
40207,"Fail"
40208,"Pass"
40209,"Fail"
40210,"Fail"
40211,"Fail"
40212,"Pass"
40213,"Pass"
40214,"Pass"
40215,"Pass"
40216,"Pass"
40217,"Pass"
40218,"Fail"
40219,"Pass"
40220,"Pass"
40221,"Fail"
40222,"Fail"
40223,"Pass"
40224,"Fail"
40225,"Pass"
40226,"Pass"
40227,"Pass"
40228,"Fail"
40229,"Pass"
40230,"Pass"
40231,"Pass"
40232,"Fail"
40233,"Pass"
40234,"Fail"
40235,"Pass"
40236,"Pass"
40237,"Fail"
40238,"Pass"
40239,"Fail"
40240,"Fail"
40241,"Pass"
40242,"Pass"
40243,"Fail"
40244,"Pass"
40245,"Fail"
40246,"Pass"
40247,"Pass"
40248,"Fail"
40249,"Pass"
40250,"Fail"
40251,"Fail"
40252,"Pass"
40253,"Fail"
40254,"Pass"
40255,"Pass"
40256,"Pass"
40257,"Pass"
40258,"Pass"
40259,"Pass"
40260,"Pass"
40261,"Pass"
40262,"Pass"
40263,"Pass"
40264,"Pass"
40265,"Fail"
40266,"Fail"
40267,"Fail"
40268,"Pass"
40269,"Fail"
40270,"Fail"
40271,"Pass"
40272,"Fail"
40273,"Pass"
40274,"Pass"
40275,"Pass"
40276,"Pass"
40277,"Fail"
40278,"Pass"
40279,"Pass"
40280,"Pass"
40281,"Fail"
40282,"Pass"
40283,"Pass"
40284,"Pass"
40285,"Pass"
40286,"Fail"
40287,"Pass"
40288,"Pass"
40289,"Fail"
40290,"Pass"
40291,"Pass"
40292,"Pass"
40293,"Pass"
40294,"Pass"
40295,"Pass"
40296,"Pass"
40297,"Pass"
40298,"Pass"
40299,"Pass"
40300,"Pass"
40301,"Fail"
40302,"Pass"
40303,"Fail"
40304,"Pass"
40305,"Pass"
40306,"Pass"
40307,"Fail"
40308,"Pass"
40309,"Pass"
40310,"Fail"
40311,"Pass"
40312,"Fail"
40313,"Pass"
40314,"Pass"
40315,"Pass"
40316,"Pass"
40317,"Fail"
40318,"Pass"
40319,"Pass"
40320,"Pass"
40321,"Pass"
40322,"Fail"
40323,"Fail"
40324,"Pass"
40325,"Fail"
40326,"Pass"
40327,"Fail"
40328,"Fail"
40329,"Pass"
40330,"Fail"
40331,"Pass"
40332,"Fail"
40333,"Pass"
40334,"Pass"
40335,"Pass"
40336,"Fail"
40337,"Pass"
40338,"Fail"
40339,"Pass"
40340,"Pass"
40341,"Pass"
40342,"Fail"
40343,"Pass"
40344,"Pass"
40345,"Fail"
40346,"Fail"
40347,"Fail"
40348,"Fail"
40349,"Fail"
40350,"Pass"
40351,"Fail"
40352,"Pass"
40353,"Pass"
40354,"Fail"
40355,"Fail"
40356,"Pass"
40357,"Fail"
40358,"Pass"
40359,"Pass"
40360,"Pass"
40361,"Fail"
40362,"Pass"
40363,"Pass"
40364,"Pass"
40365,"Pass"
40366,"Pass"
40367,"Pass"
40368,"Fail"
40369,"Fail"
40370,"Pass"
40371,"Pass"
40372,"Pass"
40373,"Fail"
40374,"Pass"
40375,"Pass"
40376,"Fail"
40377,"Fail"
40378,"Fail"
40379,"Fail"
40380,"Pass"
40381,"Fail"
40382,"Pass"
40383,"Fail"
40384,"Pass"
40385,"Fail"
40386,"Fail"
40387,"Fail"
40388,"Pass"
40389,"Pass"
40390,"Fail"
40391,"Pass"
40392,"Pass"
40393,"Pass"
40394,"Fail"
40395,"Pass"
40396,"Fail"
40397,"Pass"
40398,"Fail"
40399,"Fail"
40400,"Pass"
40401,"Pass"
40402,"Pass"
40403,"Pass"
40404,"Pass"
40405,"Fail"
40406,"Pass"
40407,"Fail"
40408,"Fail"
40409,"Pass"
40410,"Pass"
40411,"Pass"
40412,"Pass"
40413,"Pass"
40414,"Fail"
40415,"Pass"
40416,"Pass"
40417,"Pass"
40418,"Pass"
40419,"Pass"
40420,"Fail"
40421,"Pass"
40422,"Fail"
40423,"Pass"
40424,"Fail"
40425,"Pass"
40426,"Pass"
40427,"Pass"
40428,"Pass"
40429,"Pass"
40430,"Pass"
40431,"Fail"
40432,"Pass"
40433,"Pass"
40434,"Fail"
40435,"Pass"
40436,"Pass"
40437,"Pass"
40438,"Fail"
40439,"Pass"
40440,"Fail"
40441,"Pass"
40442,"Pass"
40443,"Pass"
40444,"Pass"
40445,"Pass"
40446,"Fail"
40447,"Fail"
40448,"Pass"
40449,"Pass"
40450,"Pass"
40451,"Pass"
40452,"Pass"
40453,"Pass"
40454,"Pass"
40455,"Pass"
40456,"Fail"
40457,"Pass"
40458,"Pass"
40459,"Fail"
40460,"Pass"
40461,"Pass"
40462,"Pass"
40463,"Pass"
40464,"Pass"
40465,"Fail"
40466,"Fail"
40467,"Fail"
40468,"Pass"
40469,"Pass"
40470,"Pass"
40471,"Fail"
40472,"Pass"
40473,"Pass"
40474,"Pass"
40475,"Fail"
40476,"Pass"
40477,"Pass"
40478,"Pass"
40479,"Pass"
40480,"Fail"
40481,"Fail"
40482,"Pass"
40483,"Fail"
40484,"Pass"
40485,"Pass"
40486,"Pass"
40487,"Fail"
40488,"Fail"
40489,"Pass"
40490,"Fail"
40491,"Pass"
40492,"Pass"
40493,"Pass"
40494,"Fail"
40495,"Fail"
40496,"Pass"
40497,"Pass"
40498,"Pass"
40499,"Fail"
40500,"Fail"
40501,"Pass"
40502,"Pass"
40503,"Pass"
40504,"Pass"
40505,"Pass"
40506,"Pass"
40507,"Pass"
40508,"Fail"
40509,"Pass"
40510,"Pass"
40511,"Pass"
40512,"Fail"
40513,"Pass"
40514,"Pass"
40515,"Pass"
40516,"Pass"
40517,"Pass"
40518,"Fail"
40519,"Pass"
40520,"Fail"
40521,"Pass"
40522,"Pass"
40523,"Pass"
40524,"Fail"
40525,"Fail"
40526,"Pass"
40527,"Pass"
40528,"Pass"
40529,"Pass"
40530,"Pass"
40531,"Pass"
40532,"Fail"
40533,"Fail"
40534,"Pass"
40535,"Fail"
40536,"Fail"
40537,"Fail"
40538,"Pass"
40539,"Pass"
40540,"Fail"
40541,"Pass"
40542,"Pass"
40543,"Fail"
40544,"Pass"
40545,"Fail"
40546,"Pass"
40547,"Fail"
40548,"Fail"
40549,"Pass"
40550,"Pass"
40551,"Fail"
40552,"Pass"
40553,"Fail"
40554,"Pass"
40555,"Fail"
40556,"Fail"
40557,"Pass"
40558,"Pass"
40559,"Pass"
40560,"Pass"
40561,"Pass"
40562,"Pass"
40563,"Pass"
40564,"Fail"
40565,"Fail"
40566,"Fail"
40567,"Pass"
40568,"Pass"
40569,"Pass"
40570,"Fail"
40571,"Fail"
40572,"Pass"
40573,"Fail"
40574,"Fail"
40575,"Fail"
40576,"Pass"
40577,"Pass"
40578,"Pass"
40579,"Fail"
40580,"Pass"
40581,"Pass"
40582,"Fail"
40583,"Fail"
40584,"Fail"
40585,"Pass"
40586,"Pass"
40587,"Fail"
40588,"Fail"
40589,"Fail"
40590,"Fail"
40591,"Pass"
40592,"Pass"
40593,"Pass"
40594,"Fail"
40595,"Fail"
40596,"Fail"
40597,"Pass"
40598,"Pass"
40599,"Fail"
40600,"Pass"
40601,"Pass"
40602,"Pass"
40603,"Fail"
40604,"Fail"
40605,"Fail"
40606,"Pass"
40607,"Pass"
40608,"Fail"
40609,"Pass"
40610,"Fail"
40611,"Pass"
40612,"Pass"
40613,"Pass"
40614,"Pass"
40615,"Fail"
40616,"Pass"
40617,"Pass"
40618,"Fail"
40619,"Pass"
40620,"Pass"
40621,"Pass"
40622,"Pass"
40623,"Fail"
40624,"Pass"
40625,"Pass"
40626,"Fail"
40627,"Pass"
40628,"Pass"
40629,"Fail"
40630,"Pass"
40631,"Fail"
40632,"Fail"
40633,"Pass"
40634,"Fail"
40635,"Fail"
40636,"Pass"
40637,"Pass"
40638,"Pass"
40639,"Fail"
40640,"Fail"
40641,"Fail"
40642,"Pass"
40643,"Pass"
40644,"Pass"
40645,"Pass"
40646,"Fail"
40647,"Pass"
40648,"Pass"
40649,"Fail"
40650,"Pass"
40651,"Pass"
40652,"Fail"
40653,"Pass"
40654,"Fail"
40655,"Pass"
40656,"Pass"
40657,"Pass"
40658,"Pass"
40659,"Pass"
40660,"Fail"
40661,"Pass"
40662,"Fail"
40663,"Pass"
40664,"Pass"
40665,"Pass"
40666,"Fail"
40667,"Pass"
40668,"Fail"
40669,"Fail"
40670,"Fail"
40671,"Fail"
40672,"Pass"
40673,"Pass"
40674,"Fail"
40675,"Pass"
40676,"Fail"
40677,"Fail"
40678,"Pass"
40679,"Fail"
40680,"Fail"
40681,"Pass"
40682,"Pass"
40683,"Fail"
40684,"Pass"
40685,"Fail"
40686,"Pass"
40687,"Fail"
40688,"Pass"
40689,"Pass"
40690,"Pass"
40691,"Pass"
40692,"Pass"
40693,"Pass"
40694,"Pass"
40695,"Fail"
40696,"Pass"
40697,"Fail"
40698,"Pass"
40699,"Pass"
40700,"Fail"
40701,"Fail"
40702,"Pass"
40703,"Fail"
40704,"Fail"
40705,"Fail"
40706,"Pass"
40707,"Pass"
40708,"Fail"
40709,"Fail"
40710,"Pass"
40711,"Pass"
40712,"Pass"
40713,"Fail"
40714,"Pass"
40715,"Fail"
40716,"Pass"
40717,"Fail"
40718,"Pass"
40719,"Pass"
40720,"Fail"
40721,"Pass"
40722,"Pass"
40723,"Fail"
40724,"Pass"
40725,"Pass"
40726,"Pass"
40727,"Pass"
40728,"Pass"
40729,"Pass"
40730,"Pass"
40731,"Pass"
40732,"Pass"
40733,"Pass"
40734,"Pass"
40735,"Pass"
40736,"Fail"
40737,"Fail"
40738,"Pass"
40739,"Pass"
40740,"Fail"
40741,"Pass"
40742,"Fail"
40743,"Pass"
40744,"Fail"
40745,"Fail"
40746,"Pass"
40747,"Fail"
40748,"Pass"
40749,"Pass"
40750,"Fail"
40751,"Pass"
40752,"Fail"
40753,"Fail"
40754,"Pass"
40755,"Fail"
40756,"Pass"
40757,"Fail"
40758,"Pass"
40759,"Pass"
40760,"Pass"
40761,"Fail"
40762,"Pass"
40763,"Fail"
40764,"Pass"
40765,"Pass"
40766,"Pass"
40767,"Fail"
40768,"Pass"
40769,"Pass"
40770,"Pass"
40771,"Pass"
40772,"Fail"
40773,"Pass"
40774,"Pass"
40775,"Fail"
40776,"Pass"
40777,"Pass"
40778,"Fail"
40779,"Pass"
40780,"Fail"
40781,"Pass"
40782,"Pass"
40783,"Pass"
40784,"Pass"
40785,"Pass"
40786,"Pass"
40787,"Fail"
40788,"Fail"
40789,"Fail"
40790,"Pass"
40791,"Fail"
40792,"Pass"
40793,"Pass"
40794,"Pass"
40795,"Pass"
40796,"Pass"
40797,"Fail"
40798,"Fail"
40799,"Pass"
40800,"Pass"
40801,"Pass"
40802,"Pass"
40803,"Fail"
40804,"Pass"
40805,"Pass"
40806,"Pass"
40807,"Pass"
40808,"Pass"
40809,"Pass"
40810,"Fail"
40811,"Pass"
40812,"Fail"
40813,"Pass"
40814,"Pass"
40815,"Fail"
40816,"Pass"
40817,"Fail"
40818,"Fail"
40819,"Pass"
40820,"Pass"
40821,"Fail"
40822,"Pass"
40823,"Pass"
40824,"Pass"
40825,"Pass"
40826,"Pass"
40827,"Fail"
40828,"Pass"
40829,"Pass"
40830,"Pass"
40831,"Pass"
40832,"Pass"
40833,"Fail"
40834,"Pass"
40835,"Pass"
40836,"Pass"
40837,"Fail"
40838,"Fail"
40839,"Fail"
40840,"Pass"
40841,"Pass"
40842,"Fail"
40843,"Pass"
40844,"Pass"
40845,"Fail"
40846,"Fail"
40847,"Fail"
40848,"Pass"
40849,"Pass"
40850,"Pass"
40851,"Pass"
40852,"Pass"
40853,"Pass"
40854,"Pass"
40855,"Pass"
40856,"Pass"
40857,"Pass"
40858,"Pass"
40859,"Fail"
40860,"Pass"
40861,"Fail"
40862,"Fail"
40863,"Pass"
40864,"Pass"
40865,"Pass"
40866,"Pass"
40867,"Pass"
40868,"Pass"
40869,"Pass"
40870,"Pass"
40871,"Fail"
40872,"Fail"
40873,"Fail"
40874,"Pass"
40875,"Pass"
40876,"Pass"
40877,"Fail"
40878,"Fail"
40879,"Fail"
40880,"Pass"
40881,"Pass"
40882,"Pass"
40883,"Pass"
40884,"Pass"
40885,"Pass"
40886,"Fail"
40887,"Pass"
40888,"Fail"
40889,"Pass"
40890,"Fail"
40891,"Fail"
40892,"Fail"
40893,"Pass"
40894,"Pass"
40895,"Fail"
40896,"Fail"
40897,"Fail"
40898,"Fail"
40899,"Fail"
40900,"Fail"
40901,"Fail"
40902,"Pass"
40903,"Fail"
40904,"Pass"
40905,"Fail"
40906,"Pass"
40907,"Fail"
40908,"Pass"
40909,"Pass"
40910,"Fail"
40911,"Fail"
40912,"Fail"
40913,"Pass"
40914,"Pass"
40915,"Fail"
40916,"Pass"
40917,"Pass"
40918,"Pass"
40919,"Pass"
40920,"Pass"
40921,"Fail"
40922,"Fail"
40923,"Pass"
40924,"Pass"
40925,"Fail"
40926,"Fail"
40927,"Pass"
40928,"Fail"
40929,"Fail"
40930,"Pass"
40931,"Pass"
40932,"Pass"
40933,"Pass"
40934,"Fail"
40935,"Fail"
40936,"Pass"
40937,"Fail"
40938,"Pass"
40939,"Pass"
40940,"Pass"
40941,"Pass"
40942,"Pass"
40943,"Fail"
40944,"Pass"
40945,"Pass"
40946,"Fail"
40947,"Pass"
40948,"Fail"
40949,"Fail"
40950,"Fail"
40951,"Pass"
40952,"Pass"
40953,"Pass"
40954,"Pass"
40955,"Pass"
40956,"Pass"
40957,"Pass"
40958,"Fail"
40959,"Pass"
40960,"Fail"
40961,"Pass"
40962,"Pass"
40963,"Fail"
40964,"Pass"
40965,"Pass"
40966,"Pass"
40967,"Pass"
40968,"Pass"
40969,"Pass"
40970,"Fail"
40971,"Pass"
40972,"Fail"
40973,"Pass"
40974,"Fail"
40975,"Pass"
40976,"Pass"
40977,"Pass"
40978,"Pass"
40979,"Pass"
40980,"Fail"
40981,"Fail"
40982,"Fail"
40983,"Pass"
40984,"Pass"
40985,"Fail"
40986,"Pass"
40987,"Fail"
40988,"Pass"
40989,"Fail"
40990,"Fail"
40991,"Fail"
40992,"Pass"
40993,"Fail"
40994,"Pass"
40995,"Pass"
40996,"Pass"
40997,"Pass"
40998,"Fail"
40999,"Fail"
41000,"Pass"
41001,"Fail"
41002,"Pass"
41003,"Pass"
41004,"Pass"
41005,"Fail"
41006,"Pass"
41007,"Fail"
41008,"Pass"
41009,"Pass"
41010,"Pass"
41011,"Pass"
41012,"Fail"
41013,"Fail"
41014,"Pass"
41015,"Fail"
41016,"Fail"
41017,"Pass"
41018,"Fail"
41019,"Pass"
41020,"Fail"
41021,"Pass"
41022,"Pass"
41023,"Pass"
41024,"Pass"
41025,"Pass"
41026,"Fail"
41027,"Fail"
41028,"Pass"
41029,"Pass"
41030,"Pass"
41031,"Fail"
41032,"Pass"
41033,"Fail"
41034,"Pass"
41035,"Pass"
41036,"Pass"
41037,"Pass"
41038,"Pass"
41039,"Fail"
41040,"Fail"
41041,"Pass"
41042,"Fail"
41043,"Pass"
41044,"Fail"
41045,"Fail"
41046,"Pass"
41047,"Pass"
41048,"Pass"
41049,"Pass"
41050,"Pass"
41051,"Pass"
41052,"Pass"
41053,"Pass"
41054,"Pass"
41055,"Pass"
41056,"Fail"
41057,"Pass"
41058,"Pass"
41059,"Pass"
41060,"Pass"
41061,"Pass"
41062,"Fail"
41063,"Fail"
41064,"Pass"
41065,"Pass"
41066,"Fail"
41067,"Pass"
41068,"Pass"
41069,"Pass"
41070,"Pass"
41071,"Fail"
41072,"Pass"
41073,"Pass"
41074,"Pass"
41075,"Fail"
41076,"Fail"
41077,"Fail"
41078,"Fail"
41079,"Pass"
41080,"Fail"
41081,"Pass"
41082,"Pass"
41083,"Fail"
41084,"Pass"
41085,"Pass"
41086,"Pass"
41087,"Pass"
41088,"Fail"
41089,"Pass"
41090,"Pass"
41091,"Fail"
41092,"Fail"
41093,"Fail"
41094,"Fail"
41095,"Fail"
41096,"Pass"
41097,"Pass"
41098,"Fail"
41099,"Fail"
41100,"Pass"
41101,"Pass"
41102,"Pass"
41103,"Fail"
41104,"Pass"
41105,"Pass"
41106,"Pass"
41107,"Pass"
41108,"Pass"
41109,"Pass"
41110,"Pass"
41111,"Pass"
41112,"Pass"
41113,"Pass"
41114,"Pass"
41115,"Pass"
41116,"Fail"
41117,"Fail"
41118,"Pass"
41119,"Pass"
41120,"Fail"
41121,"Fail"
41122,"Fail"
41123,"Pass"
41124,"Fail"
41125,"Pass"
41126,"Pass"
41127,"Fail"
41128,"Pass"
41129,"Fail"
41130,"Pass"
41131,"Pass"
41132,"Fail"
41133,"Pass"
41134,"Pass"
41135,"Pass"
41136,"Fail"
41137,"Pass"
41138,"Pass"
41139,"Fail"
41140,"Pass"
41141,"Pass"
41142,"Fail"
41143,"Fail"
41144,"Pass"
41145,"Pass"
41146,"Pass"
41147,"Fail"
41148,"Pass"
41149,"Fail"
41150,"Fail"
41151,"Fail"
41152,"Pass"
41153,"Pass"
41154,"Pass"
41155,"Fail"
41156,"Fail"
41157,"Fail"
41158,"Pass"
41159,"Pass"
41160,"Pass"
41161,"Pass"
41162,"Pass"
41163,"Fail"
41164,"Pass"
41165,"Pass"
41166,"Pass"
41167,"Fail"
41168,"Pass"
41169,"Pass"
41170,"Pass"
41171,"Pass"
41172,"Fail"
41173,"Fail"
41174,"Fail"
41175,"Fail"
41176,"Pass"
41177,"Fail"
41178,"Pass"
41179,"Fail"
41180,"Pass"
41181,"Pass"
41182,"Fail"
41183,"Fail"
41184,"Pass"
41185,"Pass"
41186,"Fail"
41187,"Pass"
41188,"Fail"
41189,"Pass"
41190,"Pass"
41191,"Fail"
41192,"Pass"
41193,"Fail"
41194,"Pass"
41195,"Pass"
41196,"Pass"
41197,"Fail"
41198,"Fail"
41199,"Pass"
41200,"Pass"
41201,"Pass"
41202,"Fail"
41203,"Fail"
41204,"Pass"
41205,"Fail"
41206,"Pass"
41207,"Pass"
41208,"Pass"
41209,"Pass"
41210,"Fail"
41211,"Pass"
41212,"Pass"
41213,"Fail"
41214,"Fail"
41215,"Pass"
41216,"Pass"
41217,"Pass"
41218,"Pass"
41219,"Pass"
41220,"Pass"
41221,"Pass"
41222,"Fail"
41223,"Fail"
41224,"Pass"
41225,"Fail"
41226,"Pass"
41227,"Fail"
41228,"Pass"
41229,"Pass"
41230,"Fail"
41231,"Pass"
41232,"Pass"
41233,"Fail"
41234,"Pass"
41235,"Fail"
41236,"Fail"
41237,"Pass"
41238,"Fail"
41239,"Pass"
41240,"Pass"
41241,"Fail"
41242,"Pass"
41243,"Fail"
41244,"Fail"
41245,"Fail"
41246,"Fail"
41247,"Pass"
41248,"Pass"
41249,"Fail"
41250,"Fail"
41251,"Fail"
41252,"Pass"
41253,"Pass"
41254,"Pass"
41255,"Fail"
41256,"Pass"
41257,"Fail"
41258,"Pass"
41259,"Pass"
41260,"Fail"
41261,"Fail"
41262,"Fail"
41263,"Pass"
41264,"Pass"
41265,"Fail"
41266,"Pass"
41267,"Pass"
41268,"Pass"
41269,"Pass"
41270,"Fail"
41271,"Pass"
41272,"Pass"
41273,"Pass"
41274,"Pass"
41275,"Pass"
41276,"Pass"
41277,"Fail"
41278,"Pass"
41279,"Pass"
41280,"Pass"
41281,"Pass"
41282,"Pass"
41283,"Pass"
41284,"Pass"
41285,"Pass"
41286,"Pass"
41287,"Pass"
41288,"Fail"
41289,"Pass"
41290,"Pass"
41291,"Pass"
41292,"Pass"
41293,"Pass"
41294,"Fail"
41295,"Pass"
41296,"Fail"
41297,"Pass"
41298,"Fail"
41299,"Pass"
41300,"Pass"
41301,"Pass"
41302,"Pass"
41303,"Pass"
41304,"Pass"
41305,"Fail"
41306,"Pass"
41307,"Pass"
41308,"Pass"
41309,"Pass"
41310,"Pass"
41311,"Pass"
41312,"Pass"
41313,"Fail"
41314,"Pass"
41315,"Fail"
41316,"Pass"
41317,"Fail"
41318,"Fail"
41319,"Pass"
41320,"Pass"
41321,"Pass"
41322,"Fail"
41323,"Pass"
41324,"Pass"
41325,"Pass"
41326,"Pass"
41327,"Pass"
41328,"Pass"
41329,"Fail"
41330,"Fail"
41331,"Fail"
41332,"Fail"
41333,"Fail"
41334,"Pass"
41335,"Pass"
41336,"Fail"
41337,"Pass"
41338,"Pass"
41339,"Pass"
41340,"Pass"
41341,"Pass"
41342,"Pass"
41343,"Pass"
41344,"Pass"
41345,"Fail"
41346,"Pass"
41347,"Pass"
41348,"Fail"
41349,"Pass"
41350,"Fail"
41351,"Pass"
41352,"Fail"
41353,"Pass"
41354,"Pass"
41355,"Fail"
41356,"Pass"
41357,"Pass"
41358,"Fail"
41359,"Fail"
41360,"Pass"
41361,"Pass"
41362,"Fail"
41363,"Fail"
41364,"Pass"
41365,"Pass"
41366,"Fail"
41367,"Pass"
41368,"Fail"
41369,"Pass"
41370,"Fail"
41371,"Pass"
41372,"Pass"
41373,"Pass"
41374,"Fail"
41375,"Fail"
41376,"Pass"
41377,"Fail"
41378,"Pass"
41379,"Pass"
41380,"Pass"
41381,"Fail"
41382,"Pass"
41383,"Pass"
41384,"Pass"
41385,"Pass"
41386,"Pass"
41387,"Pass"
41388,"Pass"
41389,"Pass"
41390,"Pass"
41391,"Pass"
41392,"Pass"
41393,"Pass"
41394,"Pass"
41395,"Fail"
41396,"Pass"
41397,"Fail"
41398,"Pass"
41399,"Pass"
41400,"Pass"
41401,"Pass"
41402,"Fail"
41403,"Pass"
41404,"Pass"
41405,"Pass"
41406,"Fail"
41407,"Pass"
41408,"Fail"
41409,"Pass"
41410,"Fail"
41411,"Pass"
41412,"Fail"
41413,"Fail"
41414,"Fail"
41415,"Pass"
41416,"Pass"
41417,"Fail"
41418,"Fail"
41419,"Fail"
41420,"Pass"
41421,"Pass"
41422,"Fail"
41423,"Pass"
41424,"Pass"
41425,"Pass"
41426,"Fail"
41427,"Fail"
41428,"Pass"
41429,"Pass"
41430,"Pass"
41431,"Pass"
41432,"Pass"
41433,"Pass"
41434,"Pass"
41435,"Pass"
41436,"Pass"
41437,"Pass"
41438,"Pass"
41439,"Pass"
41440,"Pass"
41441,"Fail"
41442,"Fail"
41443,"Fail"
41444,"Pass"
41445,"Fail"
41446,"Pass"
41447,"Fail"
41448,"Pass"
41449,"Pass"
41450,"Fail"
41451,"Fail"
41452,"Pass"
41453,"Fail"
41454,"Fail"
41455,"Fail"
41456,"Pass"
41457,"Fail"
41458,"Pass"
41459,"Pass"
41460,"Fail"
41461,"Pass"
41462,"Fail"
41463,"Fail"
41464,"Pass"
41465,"Pass"
41466,"Pass"
41467,"Pass"
41468,"Fail"
41469,"Pass"
41470,"Pass"
41471,"Pass"
41472,"Pass"
41473,"Pass"
41474,"Pass"
41475,"Pass"
41476,"Pass"
41477,"Pass"
41478,"Pass"
41479,"Fail"
41480,"Pass"
41481,"Fail"
41482,"Fail"
41483,"Fail"
41484,"Fail"
41485,"Pass"
41486,"Pass"
41487,"Fail"
41488,"Pass"
41489,"Pass"
41490,"Fail"
41491,"Pass"
41492,"Fail"
41493,"Pass"
41494,"Pass"
41495,"Pass"
41496,"Pass"
41497,"Pass"
41498,"Fail"
41499,"Pass"
41500,"Fail"
41501,"Pass"
41502,"Fail"
41503,"Pass"
41504,"Pass"
41505,"Pass"
41506,"Fail"
41507,"Pass"
41508,"Pass"
41509,"Fail"
41510,"Pass"
41511,"Fail"
41512,"Pass"
41513,"Pass"
41514,"Fail"
41515,"Pass"
41516,"Fail"
41517,"Pass"
41518,"Fail"
41519,"Fail"
41520,"Pass"
41521,"Fail"
41522,"Fail"
41523,"Pass"
41524,"Fail"
41525,"Fail"
41526,"Pass"
41527,"Pass"
41528,"Pass"
41529,"Fail"
41530,"Pass"
41531,"Fail"
41532,"Fail"
41533,"Fail"
41534,"Pass"
41535,"Pass"
41536,"Fail"
41537,"Fail"
41538,"Fail"
41539,"Pass"
41540,"Pass"
41541,"Pass"
41542,"Pass"
41543,"Pass"
41544,"Fail"
41545,"Fail"
41546,"Pass"
41547,"Pass"
41548,"Pass"
41549,"Pass"
41550,"Pass"
41551,"Pass"
41552,"Fail"
41553,"Fail"
41554,"Pass"
41555,"Pass"
41556,"Pass"
41557,"Fail"
41558,"Fail"
41559,"Fail"
41560,"Pass"
41561,"Pass"
41562,"Fail"
41563,"Fail"
41564,"Pass"
41565,"Fail"
41566,"Fail"
41567,"Pass"
41568,"Fail"
41569,"Pass"
41570,"Pass"
41571,"Pass"
41572,"Pass"
41573,"Pass"
41574,"Pass"
41575,"Pass"
41576,"Pass"
41577,"Pass"
41578,"Fail"
41579,"Pass"
41580,"Pass"
41581,"Pass"
41582,"Pass"
41583,"Fail"
41584,"Pass"
41585,"Pass"
41586,"Fail"
41587,"Fail"
41588,"Pass"
41589,"Pass"
41590,"Pass"
41591,"Fail"
41592,"Fail"
41593,"Pass"
41594,"Fail"
41595,"Pass"
41596,"Pass"
41597,"Fail"
41598,"Pass"
41599,"Pass"
41600,"Pass"
41601,"Pass"
41602,"Fail"
41603,"Pass"
41604,"Pass"
41605,"Fail"
41606,"Pass"
41607,"Pass"
41608,"Fail"
41609,"Pass"
41610,"Pass"
41611,"Pass"
41612,"Fail"
41613,"Pass"
41614,"Pass"
41615,"Pass"
41616,"Fail"
41617,"Fail"
41618,"Pass"
41619,"Fail"
41620,"Pass"
41621,"Pass"
41622,"Pass"
41623,"Fail"
41624,"Pass"
41625,"Fail"
41626,"Fail"
41627,"Fail"
41628,"Pass"
41629,"Fail"
41630,"Pass"
41631,"Pass"
41632,"Fail"
41633,"Pass"
41634,"Pass"
41635,"Pass"
41636,"Fail"
41637,"Pass"
41638,"Pass"
41639,"Pass"
41640,"Pass"
41641,"Pass"
41642,"Pass"
41643,"Pass"
41644,"Fail"
41645,"Pass"
41646,"Pass"
41647,"Fail"
41648,"Fail"
41649,"Pass"
41650,"Fail"
41651,"Pass"
41652,"Pass"
41653,"Fail"
41654,"Pass"
41655,"Fail"
41656,"Pass"
41657,"Pass"
41658,"Fail"
41659,"Pass"
41660,"Pass"
41661,"Fail"
41662,"Pass"
41663,"Pass"
41664,"Fail"
41665,"Pass"
41666,"Pass"
41667,"Pass"
41668,"Pass"
41669,"Pass"
41670,"Fail"
41671,"Fail"
41672,"Pass"
41673,"Fail"
41674,"Pass"
41675,"Pass"
41676,"Fail"
41677,"Pass"
41678,"Fail"
41679,"Pass"
41680,"Pass"
41681,"Pass"
41682,"Pass"
41683,"Fail"
41684,"Fail"
41685,"Fail"
41686,"Fail"
41687,"Pass"
41688,"Pass"
41689,"Fail"
41690,"Pass"
41691,"Fail"
41692,"Fail"
41693,"Pass"
41694,"Fail"
41695,"Pass"
41696,"Pass"
41697,"Fail"
41698,"Pass"
41699,"Fail"
41700,"Pass"
41701,"Fail"
41702,"Fail"
41703,"Pass"
41704,"Pass"
41705,"Pass"
41706,"Fail"
41707,"Fail"
41708,"Pass"
41709,"Fail"
41710,"Pass"
41711,"Pass"
41712,"Pass"
41713,"Pass"
41714,"Pass"
41715,"Pass"
41716,"Fail"
41717,"Pass"
41718,"Pass"
41719,"Fail"
41720,"Pass"
41721,"Fail"
41722,"Fail"
41723,"Pass"
41724,"Pass"
41725,"Fail"
41726,"Pass"
41727,"Fail"
41728,"Pass"
41729,"Pass"
41730,"Fail"
41731,"Pass"
41732,"Fail"
41733,"Pass"
41734,"Fail"
41735,"Pass"
41736,"Pass"
41737,"Pass"
41738,"Pass"
41739,"Fail"
41740,"Pass"
41741,"Fail"
41742,"Fail"
41743,"Pass"
41744,"Fail"
41745,"Pass"
41746,"Fail"
41747,"Fail"
41748,"Pass"
41749,"Fail"
41750,"Fail"
41751,"Pass"
41752,"Pass"
41753,"Pass"
41754,"Pass"
41755,"Fail"
41756,"Pass"
41757,"Pass"
41758,"Pass"
41759,"Fail"
41760,"Fail"
41761,"Fail"
41762,"Pass"
41763,"Pass"
41764,"Fail"
41765,"Pass"
41766,"Pass"
41767,"Fail"
41768,"Pass"
41769,"Pass"
41770,"Pass"
41771,"Pass"
41772,"Pass"
41773,"Pass"
41774,"Pass"
41775,"Pass"
41776,"Fail"
41777,"Pass"
41778,"Pass"
41779,"Fail"
41780,"Pass"
41781,"Pass"
41782,"Pass"
41783,"Pass"
41784,"Pass"
41785,"Pass"
41786,"Pass"
41787,"Pass"
41788,"Pass"
41789,"Pass"
41790,"Fail"
41791,"Pass"
41792,"Pass"
41793,"Pass"
41794,"Pass"
41795,"Fail"
41796,"Pass"
41797,"Pass"
41798,"Pass"
41799,"Pass"
41800,"Fail"
41801,"Pass"
41802,"Fail"
41803,"Pass"
41804,"Fail"
41805,"Pass"
41806,"Fail"
41807,"Pass"
41808,"Pass"
41809,"Fail"
41810,"Pass"
41811,"Fail"
41812,"Fail"
41813,"Fail"
41814,"Fail"
41815,"Fail"
41816,"Pass"
41817,"Pass"
41818,"Fail"
41819,"Pass"
41820,"Pass"
41821,"Fail"
41822,"Fail"
41823,"Pass"
41824,"Pass"
41825,"Fail"
41826,"Pass"
41827,"Fail"
41828,"Fail"
41829,"Pass"
41830,"Pass"
41831,"Pass"
41832,"Pass"
41833,"Fail"
41834,"Pass"
41835,"Pass"
41836,"Pass"
41837,"Pass"
41838,"Pass"
41839,"Fail"
41840,"Fail"
41841,"Fail"
41842,"Fail"
41843,"Pass"
41844,"Pass"
41845,"Fail"
41846,"Fail"
41847,"Pass"
41848,"Pass"
41849,"Pass"
41850,"Pass"
41851,"Fail"
41852,"Fail"
41853,"Pass"
41854,"Pass"
41855,"Pass"
41856,"Fail"
41857,"Fail"
41858,"Fail"
41859,"Fail"
41860,"Fail"
41861,"Pass"
41862,"Fail"
41863,"Pass"
41864,"Pass"
41865,"Pass"
41866,"Fail"
41867,"Fail"
41868,"Pass"
41869,"Fail"
41870,"Fail"
41871,"Pass"
41872,"Fail"
41873,"Pass"
41874,"Fail"
41875,"Pass"
41876,"Fail"
41877,"Fail"
41878,"Pass"
41879,"Pass"
41880,"Fail"
41881,"Pass"
41882,"Pass"
41883,"Pass"
41884,"Pass"
41885,"Fail"
41886,"Pass"
41887,"Pass"
41888,"Pass"
41889,"Pass"
41890,"Fail"
41891,"Fail"
41892,"Fail"
41893,"Pass"
41894,"Fail"
41895,"Fail"
41896,"Pass"
41897,"Fail"
41898,"Fail"
41899,"Fail"
41900,"Pass"
41901,"Pass"
41902,"Fail"
41903,"Fail"
41904,"Fail"
41905,"Fail"
41906,"Pass"
41907,"Pass"
41908,"Fail"
41909,"Fail"
41910,"Fail"
41911,"Pass"
41912,"Fail"
41913,"Pass"
41914,"Pass"
41915,"Pass"
41916,"Fail"
41917,"Fail"
41918,"Fail"
41919,"Pass"
41920,"Pass"
41921,"Pass"
41922,"Fail"
41923,"Pass"
41924,"Pass"
41925,"Pass"
41926,"Pass"
41927,"Pass"
41928,"Pass"
41929,"Pass"
41930,"Pass"
41931,"Pass"
41932,"Fail"
41933,"Pass"
41934,"Pass"
41935,"Pass"
41936,"Pass"
41937,"Pass"
41938,"Fail"
41939,"Pass"
41940,"Pass"
41941,"Pass"
41942,"Fail"
41943,"Fail"
41944,"Pass"
41945,"Pass"
41946,"Fail"
41947,"Fail"
41948,"Pass"
41949,"Pass"
41950,"Pass"
41951,"Fail"
41952,"Fail"
41953,"Pass"
41954,"Pass"
41955,"Fail"
41956,"Pass"
41957,"Pass"
41958,"Pass"
41959,"Fail"
41960,"Pass"
41961,"Pass"
41962,"Fail"
41963,"Pass"
41964,"Pass"
41965,"Pass"
41966,"Pass"
41967,"Fail"
41968,"Fail"
41969,"Pass"
41970,"Fail"
41971,"Fail"
41972,"Pass"
41973,"Pass"
41974,"Pass"
41975,"Pass"
41976,"Pass"
41977,"Pass"
41978,"Fail"
41979,"Fail"
41980,"Fail"
41981,"Pass"
41982,"Fail"
41983,"Pass"
41984,"Fail"
41985,"Pass"
41986,"Fail"
41987,"Fail"
41988,"Pass"
41989,"Pass"
41990,"Fail"
41991,"Pass"
41992,"Pass"
41993,"Pass"
41994,"Fail"
41995,"Pass"
41996,"Fail"
41997,"Fail"
41998,"Pass"
41999,"Fail"
42000,"Pass"
42001,"Pass"
42002,"Fail"
42003,"Fail"
42004,"Pass"
42005,"Fail"
42006,"Pass"
42007,"Pass"
42008,"Fail"
42009,"Pass"
42010,"Pass"
42011,"Fail"
42012,"Pass"
42013,"Pass"
42014,"Fail"
42015,"Pass"
42016,"Fail"
42017,"Fail"
42018,"Pass"
42019,"Pass"
42020,"Pass"
42021,"Fail"
42022,"Pass"
42023,"Pass"
42024,"Pass"
42025,"Fail"
42026,"Fail"
42027,"Pass"
42028,"Fail"
42029,"Pass"
42030,"Pass"
42031,"Pass"
42032,"Pass"
42033,"Pass"
42034,"Pass"
42035,"Pass"
42036,"Pass"
42037,"Pass"
42038,"Pass"
42039,"Pass"
42040,"Pass"
42041,"Pass"
42042,"Fail"
42043,"Pass"
42044,"Fail"
42045,"Pass"
42046,"Pass"
42047,"Pass"
42048,"Pass"
42049,"Fail"
42050,"Pass"
42051,"Pass"
42052,"Pass"
42053,"Pass"
42054,"Pass"
42055,"Fail"
42056,"Pass"
42057,"Fail"
42058,"Pass"
42059,"Fail"
42060,"Pass"
42061,"Pass"
42062,"Fail"
42063,"Pass"
42064,"Pass"
42065,"Pass"
42066,"Fail"
42067,"Fail"
42068,"Fail"
42069,"Pass"
42070,"Pass"
42071,"Pass"
42072,"Pass"
42073,"Pass"
42074,"Fail"
42075,"Fail"
42076,"Fail"
42077,"Pass"
42078,"Fail"
42079,"Fail"
42080,"Fail"
42081,"Fail"
42082,"Pass"
42083,"Pass"
42084,"Fail"
42085,"Pass"
42086,"Pass"
42087,"Fail"
42088,"Pass"
42089,"Fail"
42090,"Fail"
42091,"Fail"
42092,"Pass"
42093,"Pass"
42094,"Fail"
42095,"Fail"
42096,"Pass"
42097,"Fail"
42098,"Fail"
42099,"Pass"
42100,"Fail"
42101,"Pass"
42102,"Fail"
42103,"Pass"
42104,"Fail"
42105,"Pass"
42106,"Pass"
42107,"Pass"
42108,"Pass"
42109,"Fail"
42110,"Pass"
42111,"Fail"
42112,"Pass"
42113,"Pass"
42114,"Pass"
42115,"Fail"
42116,"Pass"
42117,"Pass"
42118,"Fail"
42119,"Pass"
42120,"Fail"
42121,"Pass"
42122,"Fail"
42123,"Pass"
42124,"Pass"
42125,"Pass"
42126,"Fail"
42127,"Fail"
42128,"Pass"
42129,"Pass"
42130,"Fail"
42131,"Pass"
42132,"Pass"
42133,"Pass"
42134,"Fail"
42135,"Fail"
42136,"Pass"
42137,"Pass"
42138,"Pass"
42139,"Pass"
42140,"Pass"
42141,"Fail"
42142,"Fail"
42143,"Fail"
42144,"Pass"
42145,"Pass"
42146,"Pass"
42147,"Fail"
42148,"Fail"
42149,"Pass"
42150,"Pass"
42151,"Fail"
42152,"Pass"
42153,"Pass"
42154,"Fail"
42155,"Pass"
42156,"Pass"
42157,"Pass"
42158,"Fail"
42159,"Fail"
42160,"Pass"
42161,"Pass"
42162,"Pass"
42163,"Pass"
42164,"Fail"
42165,"Pass"
42166,"Pass"
42167,"Pass"
42168,"Pass"
42169,"Pass"
42170,"Fail"
42171,"Fail"
42172,"Pass"
42173,"Fail"
42174,"Fail"
42175,"Fail"
42176,"Pass"
42177,"Fail"
42178,"Pass"
42179,"Pass"
42180,"Pass"
42181,"Fail"
42182,"Pass"
42183,"Pass"
42184,"Pass"
42185,"Fail"
42186,"Pass"
42187,"Fail"
42188,"Pass"
42189,"Pass"
42190,"Pass"
42191,"Pass"
42192,"Fail"
42193,"Pass"
42194,"Pass"
42195,"Pass"
42196,"Pass"
42197,"Pass"
42198,"Pass"
42199,"Fail"
42200,"Pass"
42201,"Fail"
42202,"Pass"
42203,"Pass"
42204,"Pass"
42205,"Pass"
42206,"Pass"
42207,"Pass"
42208,"Fail"
42209,"Fail"
42210,"Pass"
42211,"Pass"
42212,"Fail"
42213,"Pass"
42214,"Pass"
42215,"Pass"
42216,"Pass"
42217,"Fail"
42218,"Fail"
42219,"Pass"
42220,"Fail"
42221,"Pass"
42222,"Fail"
42223,"Fail"
42224,"Pass"
42225,"Fail"
42226,"Pass"
42227,"Pass"
42228,"Pass"
42229,"Pass"
42230,"Fail"
42231,"Pass"
42232,"Fail"
42233,"Fail"
42234,"Pass"
42235,"Pass"
42236,"Pass"
42237,"Fail"
42238,"Pass"
42239,"Pass"
42240,"Pass"
42241,"Fail"
42242,"Pass"
42243,"Pass"
42244,"Fail"
42245,"Pass"
42246,"Fail"
42247,"Fail"
42248,"Fail"
42249,"Pass"
42250,"Fail"
42251,"Pass"
42252,"Pass"
42253,"Pass"
42254,"Fail"
42255,"Fail"
42256,"Pass"
42257,"Pass"
42258,"Pass"
42259,"Pass"
42260,"Pass"
42261,"Fail"
42262,"Fail"
42263,"Pass"
42264,"Fail"
42265,"Pass"
42266,"Fail"
42267,"Pass"
42268,"Fail"
42269,"Pass"
42270,"Pass"
42271,"Fail"
42272,"Fail"
42273,"Pass"
42274,"Pass"
42275,"Pass"
42276,"Pass"
42277,"Fail"
42278,"Fail"
42279,"Fail"
42280,"Pass"
42281,"Pass"
42282,"Fail"
42283,"Pass"
42284,"Fail"
42285,"Fail"
42286,"Pass"
42287,"Fail"
42288,"Fail"
42289,"Pass"
42290,"Fail"
42291,"Pass"
42292,"Pass"
42293,"Pass"
42294,"Pass"
42295,"Pass"
42296,"Fail"
42297,"Pass"
42298,"Pass"
42299,"Fail"
42300,"Pass"
42301,"Fail"
42302,"Pass"
42303,"Pass"
42304,"Pass"
42305,"Fail"
42306,"Pass"
42307,"Fail"
42308,"Pass"
42309,"Fail"
42310,"Pass"
42311,"Fail"
42312,"Fail"
42313,"Fail"
42314,"Pass"
42315,"Pass"
42316,"Fail"
42317,"Fail"
42318,"Fail"
42319,"Pass"
42320,"Pass"
42321,"Fail"
42322,"Pass"
42323,"Pass"
42324,"Pass"
42325,"Fail"
42326,"Fail"
42327,"Pass"
42328,"Fail"
42329,"Pass"
42330,"Pass"
42331,"Pass"
42332,"Pass"
42333,"Fail"
42334,"Fail"
42335,"Pass"
42336,"Fail"
42337,"Fail"
42338,"Fail"
42339,"Pass"
42340,"Fail"
42341,"Pass"
42342,"Pass"
42343,"Pass"
42344,"Pass"
42345,"Fail"
42346,"Pass"
42347,"Pass"
42348,"Pass"
42349,"Pass"
42350,"Pass"
42351,"Pass"
42352,"Pass"
42353,"Pass"
42354,"Pass"
42355,"Fail"
42356,"Fail"
42357,"Pass"
42358,"Pass"
42359,"Fail"
42360,"Pass"
42361,"Pass"
42362,"Pass"
42363,"Pass"
42364,"Fail"
42365,"Pass"
42366,"Fail"
42367,"Pass"
42368,"Pass"
42369,"Pass"
42370,"Pass"
42371,"Fail"
42372,"Fail"
42373,"Pass"
42374,"Fail"
42375,"Pass"
42376,"Pass"
42377,"Pass"
42378,"Fail"
42379,"Fail"
42380,"Pass"
42381,"Pass"
42382,"Pass"
42383,"Pass"
42384,"Pass"
42385,"Pass"
42386,"Fail"
42387,"Pass"
42388,"Pass"
42389,"Pass"
42390,"Pass"
42391,"Pass"
42392,"Pass"
42393,"Pass"
42394,"Pass"
42395,"Pass"
42396,"Pass"
42397,"Fail"
42398,"Pass"
42399,"Fail"
42400,"Pass"
42401,"Pass"
42402,"Pass"
42403,"Pass"
42404,"Pass"
42405,"Pass"
42406,"Fail"
42407,"Pass"
42408,"Pass"
42409,"Pass"
42410,"Pass"
42411,"Fail"
42412,"Pass"
42413,"Pass"
42414,"Fail"
42415,"Pass"
42416,"Pass"
42417,"Fail"
42418,"Pass"
42419,"Pass"
42420,"Fail"
42421,"Fail"
42422,"Fail"
42423,"Pass"
42424,"Pass"
42425,"Pass"
42426,"Pass"
42427,"Pass"
42428,"Fail"
42429,"Pass"
42430,"Pass"
42431,"Pass"
42432,"Pass"
42433,"Pass"
42434,"Pass"
42435,"Pass"
42436,"Pass"
42437,"Pass"
42438,"Fail"
42439,"Fail"
42440,"Pass"
42441,"Pass"
42442,"Pass"
42443,"Pass"
42444,"Pass"
42445,"Pass"
42446,"Fail"
42447,"Pass"
42448,"Pass"
42449,"Pass"
42450,"Fail"
42451,"Fail"
42452,"Pass"
42453,"Pass"
42454,"Fail"
42455,"Fail"
42456,"Fail"
42457,"Fail"
42458,"Fail"
42459,"Pass"
42460,"Fail"
42461,"Fail"
42462,"Pass"
42463,"Fail"
42464,"Fail"
42465,"Pass"
42466,"Pass"
42467,"Fail"
42468,"Fail"
42469,"Pass"
42470,"Pass"
42471,"Pass"
42472,"Pass"
42473,"Pass"
42474,"Pass"
42475,"Pass"
42476,"Pass"
42477,"Pass"
42478,"Pass"
42479,"Fail"
42480,"Pass"
42481,"Pass"
42482,"Pass"
42483,"Fail"
42484,"Fail"
42485,"Pass"
42486,"Pass"
42487,"Pass"
42488,"Pass"
42489,"Pass"
42490,"Pass"
42491,"Pass"
42492,"Fail"
42493,"Pass"
42494,"Fail"
42495,"Pass"
42496,"Pass"
42497,"Fail"
42498,"Pass"
42499,"Pass"
42500,"Fail"
42501,"Pass"
42502,"Fail"
42503,"Fail"
42504,"Fail"
42505,"Pass"
42506,"Pass"
42507,"Pass"
42508,"Fail"
42509,"Pass"
42510,"Pass"
42511,"Pass"
42512,"Pass"
42513,"Pass"
42514,"Pass"
42515,"Fail"
42516,"Pass"
42517,"Fail"
42518,"Fail"
42519,"Fail"
42520,"Pass"
42521,"Pass"
42522,"Pass"
42523,"Fail"
42524,"Pass"
42525,"Fail"
42526,"Fail"
42527,"Pass"
42528,"Pass"
42529,"Pass"
42530,"Pass"
42531,"Fail"
42532,"Fail"
42533,"Pass"
42534,"Pass"
42535,"Fail"
42536,"Pass"
42537,"Fail"
42538,"Fail"
42539,"Pass"
42540,"Pass"
42541,"Pass"
42542,"Fail"
42543,"Pass"
42544,"Pass"
42545,"Fail"
42546,"Pass"
42547,"Pass"
42548,"Pass"
42549,"Fail"
42550,"Pass"
42551,"Fail"
42552,"Pass"
42553,"Fail"
42554,"Pass"
42555,"Pass"
42556,"Fail"
42557,"Pass"
42558,"Fail"
42559,"Fail"
42560,"Fail"
42561,"Pass"
42562,"Pass"
42563,"Pass"
42564,"Fail"
42565,"Pass"
42566,"Pass"
42567,"Pass"
42568,"Fail"
42569,"Pass"
42570,"Pass"
42571,"Pass"
42572,"Pass"
42573,"Pass"
42574,"Pass"
42575,"Pass"
42576,"Fail"
42577,"Pass"
42578,"Fail"
42579,"Fail"
42580,"Pass"
42581,"Fail"
42582,"Fail"
42583,"Fail"
42584,"Pass"
42585,"Pass"
42586,"Pass"
42587,"Fail"
42588,"Fail"
42589,"Fail"
42590,"Fail"
42591,"Pass"
42592,"Fail"
42593,"Pass"
42594,"Fail"
42595,"Pass"
42596,"Pass"
42597,"Pass"
42598,"Pass"
42599,"Fail"
42600,"Pass"
42601,"Pass"
42602,"Fail"
42603,"Pass"
42604,"Fail"
42605,"Pass"
42606,"Fail"
42607,"Pass"
42608,"Pass"
42609,"Pass"
42610,"Fail"
42611,"Pass"
42612,"Fail"
42613,"Fail"
42614,"Pass"
42615,"Pass"
42616,"Pass"
42617,"Fail"
42618,"Fail"
42619,"Pass"
42620,"Pass"
42621,"Fail"
42622,"Pass"
42623,"Pass"
42624,"Pass"
42625,"Fail"
42626,"Fail"
42627,"Fail"
42628,"Pass"
42629,"Pass"
42630,"Pass"
42631,"Pass"
42632,"Pass"
42633,"Pass"
42634,"Fail"
42635,"Pass"
42636,"Fail"
42637,"Pass"
42638,"Pass"
42639,"Pass"
42640,"Pass"
42641,"Pass"
42642,"Fail"
42643,"Pass"
42644,"Pass"
42645,"Pass"
42646,"Pass"
42647,"Pass"
42648,"Fail"
42649,"Pass"
42650,"Pass"
42651,"Pass"
42652,"Fail"
42653,"Fail"
42654,"Pass"
42655,"Pass"
42656,"Pass"
42657,"Pass"
42658,"Pass"
42659,"Pass"
42660,"Pass"
42661,"Pass"
42662,"Pass"
42663,"Pass"
42664,"Fail"
42665,"Pass"
42666,"Pass"
42667,"Pass"
42668,"Pass"
42669,"Fail"
42670,"Fail"
42671,"Pass"
42672,"Pass"
42673,"Fail"
42674,"Pass"
42675,"Pass"
42676,"Pass"
42677,"Pass"
42678,"Fail"
42679,"Fail"
42680,"Pass"
42681,"Pass"
42682,"Fail"
42683,"Fail"
42684,"Pass"
42685,"Fail"
42686,"Pass"
42687,"Pass"
42688,"Pass"
42689,"Pass"
42690,"Pass"
42691,"Pass"
42692,"Fail"
42693,"Pass"
42694,"Pass"
42695,"Fail"
42696,"Pass"
42697,"Fail"
42698,"Pass"
42699,"Pass"
42700,"Pass"
42701,"Fail"
42702,"Fail"
42703,"Fail"
42704,"Pass"
42705,"Pass"
42706,"Pass"
42707,"Pass"
42708,"Pass"
42709,"Pass"
42710,"Fail"
42711,"Pass"
42712,"Pass"
42713,"Pass"
42714,"Pass"
42715,"Pass"
42716,"Pass"
42717,"Pass"
42718,"Pass"
42719,"Pass"
42720,"Fail"
42721,"Pass"
42722,"Pass"
42723,"Pass"
42724,"Fail"
42725,"Pass"
42726,"Pass"
42727,"Fail"
42728,"Pass"
42729,"Pass"
42730,"Fail"
42731,"Pass"
42732,"Fail"
42733,"Fail"
42734,"Pass"
42735,"Pass"
42736,"Pass"
42737,"Pass"
42738,"Fail"
42739,"Pass"
42740,"Fail"
42741,"Fail"
42742,"Pass"
42743,"Fail"
42744,"Pass"
42745,"Pass"
42746,"Pass"
42747,"Pass"
42748,"Fail"
42749,"Fail"
42750,"Pass"
42751,"Pass"
42752,"Fail"
42753,"Pass"
42754,"Fail"
42755,"Fail"
42756,"Fail"
42757,"Pass"
42758,"Pass"
42759,"Fail"
42760,"Fail"
42761,"Pass"
42762,"Fail"
42763,"Fail"
42764,"Pass"
42765,"Fail"
42766,"Pass"
42767,"Pass"
42768,"Pass"
42769,"Pass"
42770,"Pass"
42771,"Pass"
42772,"Pass"
42773,"Pass"
42774,"Pass"
42775,"Pass"
42776,"Pass"
42777,"Pass"
42778,"Pass"
42779,"Fail"
42780,"Pass"
42781,"Pass"
42782,"Pass"
42783,"Pass"
42784,"Pass"
42785,"Pass"
42786,"Pass"
42787,"Pass"
42788,"Fail"
42789,"Fail"
42790,"Pass"
42791,"Pass"
42792,"Pass"
42793,"Fail"
42794,"Fail"
42795,"Fail"
42796,"Pass"
42797,"Pass"
42798,"Fail"
42799,"Pass"
42800,"Fail"
42801,"Fail"
42802,"Fail"
42803,"Fail"
42804,"Pass"
42805,"Pass"
42806,"Pass"
42807,"Pass"
42808,"Fail"
42809,"Fail"
42810,"Fail"
42811,"Fail"
42812,"Pass"
42813,"Pass"
42814,"Pass"
42815,"Pass"
42816,"Fail"
42817,"Fail"
42818,"Fail"
42819,"Pass"
42820,"Fail"
42821,"Pass"
42822,"Pass"
42823,"Fail"
42824,"Pass"
42825,"Pass"
42826,"Fail"
42827,"Pass"
42828,"Fail"
42829,"Pass"
42830,"Pass"
42831,"Pass"
42832,"Fail"
42833,"Pass"
42834,"Pass"
42835,"Pass"
42836,"Pass"
42837,"Fail"
42838,"Pass"
42839,"Fail"
42840,"Pass"
42841,"Pass"
42842,"Fail"
42843,"Fail"
42844,"Fail"
42845,"Pass"
42846,"Pass"
42847,"Fail"
42848,"Fail"
42849,"Pass"
42850,"Fail"
42851,"Pass"
42852,"Pass"
42853,"Pass"
42854,"Fail"
42855,"Pass"
42856,"Pass"
42857,"Fail"
42858,"Fail"
42859,"Pass"
42860,"Pass"
42861,"Fail"
42862,"Fail"
42863,"Pass"
42864,"Pass"
42865,"Pass"
42866,"Pass"
42867,"Fail"
42868,"Pass"
42869,"Pass"
42870,"Fail"
42871,"Pass"
42872,"Pass"
42873,"Pass"
42874,"Pass"
42875,"Pass"
42876,"Pass"
42877,"Pass"
42878,"Pass"
42879,"Fail"
42880,"Pass"
42881,"Fail"
42882,"Pass"
42883,"Pass"
42884,"Pass"
42885,"Fail"
42886,"Pass"
42887,"Pass"
42888,"Fail"
42889,"Fail"
42890,"Pass"
42891,"Pass"
42892,"Pass"
42893,"Pass"
42894,"Pass"
42895,"Pass"
42896,"Pass"
42897,"Pass"
42898,"Pass"
42899,"Fail"
42900,"Pass"
42901,"Fail"
42902,"Pass"
42903,"Pass"
42904,"Pass"
42905,"Pass"
42906,"Fail"
42907,"Fail"
42908,"Pass"
42909,"Fail"
42910,"Fail"
42911,"Pass"
42912,"Fail"
42913,"Pass"
42914,"Pass"
42915,"Fail"
42916,"Pass"
42917,"Fail"
42918,"Fail"
42919,"Pass"
42920,"Pass"
42921,"Fail"
42922,"Pass"
42923,"Pass"
42924,"Pass"
42925,"Pass"
42926,"Fail"
42927,"Fail"
42928,"Pass"
42929,"Pass"
42930,"Fail"
42931,"Pass"
42932,"Fail"
42933,"Pass"
42934,"Pass"
42935,"Pass"
42936,"Fail"
42937,"Fail"
42938,"Pass"
42939,"Pass"
42940,"Pass"
42941,"Fail"
42942,"Pass"
42943,"Fail"
42944,"Pass"
42945,"Fail"
42946,"Pass"
42947,"Pass"
42948,"Pass"
42949,"Pass"
42950,"Pass"
42951,"Fail"
42952,"Fail"
42953,"Fail"
42954,"Pass"
42955,"Fail"
42956,"Fail"
42957,"Pass"
42958,"Fail"
42959,"Pass"
42960,"Pass"
42961,"Pass"
42962,"Pass"
42963,"Pass"
42964,"Fail"
42965,"Fail"
42966,"Pass"
42967,"Fail"
42968,"Pass"
42969,"Fail"
42970,"Fail"
42971,"Fail"
42972,"Pass"
42973,"Pass"
42974,"Pass"
42975,"Fail"
42976,"Pass"
42977,"Pass"
42978,"Pass"
42979,"Fail"
42980,"Fail"
42981,"Pass"
42982,"Fail"
42983,"Pass"
42984,"Pass"
42985,"Pass"
42986,"Pass"
42987,"Pass"
42988,"Pass"
42989,"Pass"
42990,"Pass"
42991,"Pass"
42992,"Pass"
42993,"Fail"
42994,"Fail"
42995,"Fail"
42996,"Pass"
42997,"Pass"
42998,"Pass"
42999,"Pass"
43000,"Pass"
43001,"Pass"
43002,"Pass"
43003,"Pass"
43004,"Fail"
43005,"Fail"
43006,"Fail"
43007,"Fail"
43008,"Pass"
43009,"Pass"
43010,"Pass"
43011,"Pass"
43012,"Pass"
43013,"Pass"
43014,"Fail"
43015,"Pass"
43016,"Fail"
43017,"Pass"
43018,"Fail"
43019,"Pass"
43020,"Pass"
43021,"Pass"
43022,"Pass"
43023,"Fail"
43024,"Pass"
43025,"Pass"
43026,"Pass"
43027,"Fail"
43028,"Pass"
43029,"Fail"
43030,"Fail"
43031,"Fail"
43032,"Pass"
43033,"Pass"
43034,"Pass"
43035,"Fail"
43036,"Pass"
43037,"Fail"
43038,"Fail"
43039,"Fail"
43040,"Pass"
43041,"Pass"
43042,"Fail"
43043,"Pass"
43044,"Pass"
43045,"Pass"
43046,"Pass"
43047,"Pass"
43048,"Pass"
43049,"Pass"
43050,"Pass"
43051,"Fail"
43052,"Pass"
43053,"Pass"
43054,"Pass"
43055,"Fail"
43056,"Pass"
43057,"Pass"
43058,"Pass"
43059,"Pass"
43060,"Pass"
43061,"Pass"
43062,"Pass"
43063,"Pass"
43064,"Pass"
43065,"Fail"
43066,"Fail"
43067,"Pass"
43068,"Fail"
43069,"Fail"
43070,"Pass"
43071,"Fail"
43072,"Fail"
43073,"Fail"
43074,"Fail"
43075,"Fail"
43076,"Pass"
43077,"Fail"
43078,"Fail"
43079,"Pass"
43080,"Fail"
43081,"Pass"
43082,"Fail"
43083,"Pass"
43084,"Pass"
43085,"Pass"
43086,"Fail"
43087,"Pass"
43088,"Pass"
43089,"Fail"
43090,"Pass"
43091,"Fail"
43092,"Pass"
43093,"Pass"
43094,"Pass"
43095,"Fail"
43096,"Pass"
43097,"Pass"
43098,"Fail"
43099,"Fail"
43100,"Pass"
43101,"Pass"
43102,"Pass"
43103,"Pass"
43104,"Pass"
43105,"Fail"
43106,"Fail"
43107,"Pass"
43108,"Fail"
43109,"Pass"
43110,"Pass"
43111,"Pass"
43112,"Pass"
43113,"Pass"
43114,"Pass"
43115,"Fail"
43116,"Pass"
43117,"Fail"
43118,"Fail"
43119,"Fail"
43120,"Pass"
43121,"Fail"
43122,"Pass"
43123,"Pass"
43124,"Pass"
43125,"Fail"
43126,"Pass"
43127,"Fail"
43128,"Pass"
43129,"Pass"
43130,"Pass"
43131,"Pass"
43132,"Fail"
43133,"Fail"
43134,"Pass"
43135,"Pass"
43136,"Pass"
43137,"Pass"
43138,"Fail"
43139,"Pass"
43140,"Fail"
43141,"Pass"
43142,"Fail"
43143,"Fail"
43144,"Pass"
43145,"Fail"
43146,"Pass"
43147,"Pass"
43148,"Pass"
43149,"Fail"
43150,"Fail"
43151,"Fail"
43152,"Fail"
43153,"Pass"
43154,"Pass"
43155,"Fail"
43156,"Pass"
43157,"Fail"
43158,"Pass"
43159,"Pass"
43160,"Pass"
43161,"Fail"
43162,"Pass"
43163,"Pass"
43164,"Pass"
43165,"Pass"
43166,"Pass"
43167,"Fail"
43168,"Fail"
43169,"Pass"
43170,"Pass"
43171,"Fail"
43172,"Pass"
43173,"Pass"
43174,"Fail"
43175,"Fail"
43176,"Fail"
43177,"Fail"
43178,"Pass"
43179,"Pass"
43180,"Pass"
43181,"Fail"
43182,"Fail"
43183,"Pass"
43184,"Pass"
43185,"Pass"
43186,"Fail"
43187,"Pass"
43188,"Fail"
43189,"Pass"
43190,"Pass"
43191,"Fail"
43192,"Pass"
43193,"Pass"
43194,"Fail"
43195,"Pass"
43196,"Pass"
43197,"Pass"
43198,"Fail"
43199,"Pass"
43200,"Pass"
43201,"Pass"
43202,"Pass"
43203,"Fail"
43204,"Pass"
43205,"Pass"
43206,"Pass"
43207,"Fail"
43208,"Fail"
43209,"Pass"
43210,"Fail"
43211,"Fail"
43212,"Pass"
43213,"Fail"
43214,"Pass"
43215,"Pass"
43216,"Fail"
43217,"Pass"
43218,"Pass"
43219,"Pass"
43220,"Pass"
43221,"Pass"
43222,"Pass"
43223,"Pass"
43224,"Pass"
43225,"Pass"
43226,"Pass"
43227,"Pass"
43228,"Fail"
43229,"Pass"
43230,"Pass"
43231,"Pass"
43232,"Pass"
43233,"Fail"
43234,"Fail"
43235,"Pass"
43236,"Fail"
43237,"Pass"
43238,"Fail"
43239,"Pass"
43240,"Pass"
43241,"Pass"
43242,"Pass"
43243,"Pass"
43244,"Pass"
43245,"Fail"
43246,"Fail"
43247,"Pass"
43248,"Pass"
43249,"Pass"
43250,"Fail"
43251,"Fail"
43252,"Pass"
43253,"Pass"
43254,"Fail"
43255,"Pass"
43256,"Pass"
43257,"Pass"
43258,"Pass"
43259,"Pass"
43260,"Pass"
43261,"Pass"
43262,"Fail"
43263,"Pass"
43264,"Fail"
43265,"Fail"
43266,"Pass"
43267,"Pass"
43268,"Pass"
43269,"Pass"
43270,"Fail"
43271,"Pass"
43272,"Pass"
43273,"Pass"
43274,"Fail"
43275,"Pass"
43276,"Fail"
43277,"Fail"
43278,"Fail"
43279,"Pass"
43280,"Fail"
43281,"Pass"
43282,"Fail"
43283,"Pass"
43284,"Pass"
43285,"Fail"
43286,"Pass"
43287,"Fail"
43288,"Fail"
43289,"Pass"
43290,"Fail"
43291,"Fail"
43292,"Pass"
43293,"Pass"
43294,"Pass"
43295,"Fail"
43296,"Pass"
43297,"Pass"
43298,"Pass"
43299,"Fail"
43300,"Pass"
43301,"Fail"
43302,"Pass"
43303,"Pass"
43304,"Pass"
43305,"Pass"
43306,"Pass"
43307,"Fail"
43308,"Fail"
43309,"Fail"
43310,"Fail"
43311,"Fail"
43312,"Pass"
43313,"Fail"
43314,"Pass"
43315,"Pass"
43316,"Fail"
43317,"Pass"
43318,"Pass"
43319,"Fail"
43320,"Pass"
43321,"Pass"
43322,"Pass"
43323,"Pass"
43324,"Fail"
43325,"Pass"
43326,"Pass"
43327,"Pass"
43328,"Pass"
43329,"Pass"
43330,"Pass"
43331,"Pass"
43332,"Pass"
43333,"Pass"
43334,"Fail"
43335,"Fail"
43336,"Fail"
43337,"Fail"
43338,"Fail"
43339,"Pass"
43340,"Pass"
43341,"Pass"
43342,"Pass"
43343,"Fail"
43344,"Pass"
43345,"Pass"
43346,"Fail"
43347,"Fail"
43348,"Pass"
43349,"Pass"
43350,"Pass"
43351,"Pass"
43352,"Pass"
43353,"Pass"
43354,"Fail"
43355,"Pass"
43356,"Pass"
43357,"Pass"
43358,"Fail"
43359,"Fail"
43360,"Pass"
43361,"Fail"
43362,"Pass"
43363,"Pass"
43364,"Pass"
43365,"Fail"
43366,"Fail"
43367,"Pass"
43368,"Fail"
43369,"Pass"
43370,"Pass"
43371,"Pass"
43372,"Fail"
43373,"Pass"
43374,"Fail"
43375,"Pass"
43376,"Fail"
43377,"Pass"
43378,"Fail"
43379,"Pass"
43380,"Pass"
43381,"Fail"
43382,"Pass"
43383,"Pass"
43384,"Pass"
43385,"Pass"
43386,"Pass"
43387,"Pass"
43388,"Pass"
43389,"Pass"
43390,"Fail"
43391,"Fail"
43392,"Fail"
43393,"Pass"
43394,"Pass"
43395,"Fail"
43396,"Pass"
43397,"Pass"
43398,"Fail"
43399,"Fail"
43400,"Pass"
43401,"Pass"
43402,"Pass"
43403,"Pass"
43404,"Pass"
43405,"Pass"
43406,"Pass"
43407,"Pass"
43408,"Pass"
43409,"Pass"
43410,"Pass"
43411,"Fail"
43412,"Fail"
43413,"Pass"
43414,"Fail"
43415,"Fail"
43416,"Fail"
43417,"Pass"
43418,"Fail"
43419,"Pass"
43420,"Pass"
43421,"Fail"
43422,"Pass"
43423,"Fail"
43424,"Pass"
43425,"Fail"
43426,"Pass"
43427,"Pass"
43428,"Pass"
43429,"Pass"
43430,"Pass"
43431,"Fail"
43432,"Fail"
43433,"Pass"
43434,"Fail"
43435,"Pass"
43436,"Fail"
43437,"Pass"
43438,"Pass"
43439,"Pass"
43440,"Pass"
43441,"Fail"
43442,"Pass"
43443,"Pass"
43444,"Pass"
43445,"Pass"
43446,"Fail"
43447,"Fail"
43448,"Fail"
43449,"Fail"
43450,"Pass"
43451,"Pass"
43452,"Pass"
43453,"Pass"
43454,"Pass"
43455,"Pass"
43456,"Pass"
43457,"Fail"
43458,"Pass"
43459,"Fail"
43460,"Pass"
43461,"Pass"
43462,"Fail"
43463,"Pass"
43464,"Pass"
43465,"Fail"
43466,"Fail"
43467,"Fail"
43468,"Pass"
43469,"Fail"
43470,"Pass"
43471,"Pass"
43472,"Fail"
43473,"Pass"
43474,"Fail"
43475,"Pass"
43476,"Pass"
43477,"Pass"
43478,"Fail"
43479,"Pass"
43480,"Pass"
43481,"Pass"
43482,"Pass"
43483,"Fail"
43484,"Fail"
43485,"Pass"
43486,"Fail"
43487,"Fail"
43488,"Pass"
43489,"Fail"
43490,"Pass"
43491,"Fail"
43492,"Pass"
43493,"Pass"
43494,"Fail"
43495,"Pass"
43496,"Pass"
43497,"Fail"
43498,"Fail"
43499,"Pass"
43500,"Pass"
43501,"Pass"
43502,"Pass"
43503,"Fail"
43504,"Pass"
43505,"Fail"
43506,"Pass"
43507,"Pass"
43508,"Pass"
43509,"Pass"
43510,"Pass"
43511,"Pass"
43512,"Fail"
43513,"Fail"
43514,"Fail"
43515,"Pass"
43516,"Pass"
43517,"Fail"
43518,"Pass"
43519,"Fail"
43520,"Pass"
43521,"Fail"
43522,"Pass"
43523,"Pass"
43524,"Fail"
43525,"Pass"
43526,"Pass"
43527,"Fail"
43528,"Pass"
43529,"Fail"
43530,"Pass"
43531,"Pass"
43532,"Pass"
43533,"Pass"
43534,"Pass"
43535,"Pass"
43536,"Pass"
43537,"Pass"
43538,"Fail"
43539,"Fail"
43540,"Pass"
43541,"Pass"
43542,"Pass"
43543,"Pass"
43544,"Fail"
43545,"Pass"
43546,"Pass"
43547,"Fail"
43548,"Fail"
43549,"Pass"
43550,"Pass"
43551,"Pass"
43552,"Pass"
43553,"Pass"
43554,"Pass"
43555,"Pass"
43556,"Pass"
43557,"Fail"
43558,"Fail"
43559,"Fail"
43560,"Pass"
43561,"Fail"
43562,"Fail"
43563,"Pass"
43564,"Pass"
43565,"Pass"
43566,"Pass"
43567,"Fail"
43568,"Fail"
43569,"Pass"
43570,"Fail"
43571,"Pass"
43572,"Fail"
43573,"Pass"
43574,"Fail"
43575,"Pass"
43576,"Pass"
43577,"Pass"
43578,"Fail"
43579,"Pass"
43580,"Pass"
43581,"Pass"
43582,"Fail"
43583,"Fail"
43584,"Pass"
43585,"Fail"
43586,"Pass"
43587,"Pass"
43588,"Pass"
43589,"Pass"
43590,"Fail"
43591,"Fail"
43592,"Fail"
43593,"Pass"
43594,"Pass"
43595,"Pass"
43596,"Fail"
43597,"Pass"
43598,"Pass"
43599,"Pass"
43600,"Pass"
43601,"Pass"
43602,"Pass"
43603,"Pass"
43604,"Pass"
43605,"Fail"
43606,"Pass"
43607,"Fail"
43608,"Pass"
43609,"Pass"
43610,"Pass"
43611,"Fail"
43612,"Fail"
43613,"Fail"
43614,"Pass"
43615,"Fail"
43616,"Pass"
43617,"Pass"
43618,"Pass"
43619,"Fail"
43620,"Fail"
43621,"Pass"
43622,"Pass"
43623,"Pass"
43624,"Pass"
43625,"Pass"
43626,"Fail"
43627,"Fail"
43628,"Pass"
43629,"Pass"
43630,"Pass"
43631,"Pass"
43632,"Pass"
43633,"Fail"
43634,"Pass"
43635,"Pass"
43636,"Pass"
43637,"Fail"
43638,"Fail"
43639,"Pass"
43640,"Pass"
43641,"Pass"
43642,"Pass"
43643,"Pass"
43644,"Pass"
43645,"Pass"
43646,"Pass"
43647,"Pass"
43648,"Fail"
43649,"Fail"
43650,"Fail"
43651,"Pass"
43652,"Fail"
43653,"Pass"
43654,"Fail"
43655,"Fail"
43656,"Fail"
43657,"Pass"
43658,"Pass"
43659,"Pass"
43660,"Fail"
43661,"Pass"
43662,"Fail"
43663,"Pass"
43664,"Fail"
43665,"Pass"
43666,"Pass"
43667,"Fail"
43668,"Fail"
43669,"Fail"
43670,"Pass"
43671,"Pass"
43672,"Fail"
43673,"Pass"
43674,"Pass"
43675,"Pass"
43676,"Pass"
43677,"Pass"
43678,"Pass"
43679,"Fail"
43680,"Fail"
43681,"Fail"
43682,"Pass"
43683,"Fail"
43684,"Fail"
43685,"Fail"
43686,"Fail"
43687,"Pass"
43688,"Pass"
43689,"Pass"
43690,"Fail"
43691,"Fail"
43692,"Fail"
43693,"Pass"
43694,"Pass"
43695,"Fail"
43696,"Fail"
43697,"Fail"
43698,"Pass"
43699,"Fail"
43700,"Fail"
43701,"Pass"
43702,"Fail"
43703,"Pass"
43704,"Pass"
43705,"Fail"
43706,"Pass"
43707,"Pass"
43708,"Pass"
43709,"Pass"
43710,"Fail"
43711,"Fail"
43712,"Pass"
43713,"Pass"
43714,"Pass"
43715,"Fail"
43716,"Pass"
43717,"Pass"
43718,"Fail"
43719,"Pass"
43720,"Pass"
43721,"Fail"
43722,"Pass"
43723,"Fail"
43724,"Fail"
43725,"Fail"
43726,"Pass"
43727,"Pass"
43728,"Pass"
43729,"Fail"
43730,"Pass"
43731,"Pass"
43732,"Fail"
43733,"Pass"
43734,"Pass"
43735,"Pass"
43736,"Pass"
43737,"Pass"
43738,"Pass"
43739,"Pass"
43740,"Fail"
43741,"Fail"
43742,"Pass"
43743,"Fail"
43744,"Fail"
43745,"Pass"
43746,"Pass"
43747,"Pass"
43748,"Fail"
43749,"Fail"
43750,"Fail"
43751,"Pass"
43752,"Pass"
43753,"Fail"
43754,"Fail"
43755,"Pass"
43756,"Pass"
43757,"Pass"
43758,"Fail"
43759,"Pass"
43760,"Pass"
43761,"Pass"
43762,"Pass"
43763,"Pass"
43764,"Fail"
43765,"Pass"
43766,"Fail"
43767,"Fail"
43768,"Pass"
43769,"Pass"
43770,"Pass"
43771,"Pass"
43772,"Fail"
43773,"Pass"
43774,"Fail"
43775,"Fail"
43776,"Fail"
43777,"Pass"
43778,"Fail"
43779,"Pass"
43780,"Pass"
43781,"Pass"
43782,"Pass"
43783,"Fail"
43784,"Fail"
43785,"Pass"
43786,"Pass"
43787,"Pass"
43788,"Fail"
43789,"Pass"
43790,"Pass"
43791,"Fail"
43792,"Fail"
43793,"Pass"
43794,"Pass"
43795,"Fail"
43796,"Fail"
43797,"Fail"
43798,"Fail"
43799,"Fail"
43800,"Pass"
43801,"Pass"
43802,"Fail"
43803,"Pass"
43804,"Fail"
43805,"Pass"
43806,"Fail"
43807,"Pass"
43808,"Pass"
43809,"Pass"
43810,"Pass"
43811,"Pass"
43812,"Fail"
43813,"Fail"
43814,"Pass"
43815,"Pass"
43816,"Fail"
43817,"Pass"
43818,"Pass"
43819,"Pass"
43820,"Fail"
43821,"Pass"
43822,"Fail"
43823,"Fail"
43824,"Fail"
43825,"Fail"
43826,"Pass"
43827,"Fail"
43828,"Pass"
43829,"Pass"
43830,"Pass"
43831,"Fail"
43832,"Pass"
43833,"Pass"
43834,"Fail"
43835,"Fail"
43836,"Fail"
43837,"Pass"
43838,"Fail"
43839,"Pass"
43840,"Pass"
43841,"Pass"
43842,"Fail"
43843,"Pass"
43844,"Pass"
43845,"Fail"
43846,"Fail"
43847,"Pass"
43848,"Pass"
43849,"Fail"
43850,"Pass"
43851,"Fail"
43852,"Pass"
43853,"Fail"
43854,"Pass"
43855,"Fail"
43856,"Fail"
43857,"Fail"
43858,"Pass"
43859,"Pass"
43860,"Pass"
43861,"Fail"
43862,"Pass"
43863,"Pass"
43864,"Pass"
43865,"Pass"
43866,"Pass"
43867,"Pass"
43868,"Fail"
43869,"Pass"
43870,"Fail"
43871,"Pass"
43872,"Pass"
43873,"Pass"
43874,"Pass"
43875,"Fail"
43876,"Pass"
43877,"Fail"
43878,"Pass"
43879,"Pass"
43880,"Pass"
43881,"Pass"
43882,"Pass"
43883,"Fail"
43884,"Fail"
43885,"Fail"
43886,"Pass"
43887,"Pass"
43888,"Pass"
43889,"Fail"
43890,"Fail"
43891,"Fail"
43892,"Fail"
43893,"Fail"
43894,"Pass"
43895,"Pass"
43896,"Pass"
43897,"Pass"
43898,"Pass"
43899,"Fail"
43900,"Pass"
43901,"Pass"
43902,"Pass"
43903,"Pass"
43904,"Pass"
43905,"Pass"
43906,"Fail"
43907,"Pass"
43908,"Pass"
43909,"Pass"
43910,"Fail"
43911,"Fail"
43912,"Fail"
43913,"Pass"
43914,"Fail"
43915,"Pass"
43916,"Pass"
43917,"Pass"
43918,"Pass"
43919,"Fail"
43920,"Fail"
43921,"Pass"
43922,"Pass"
43923,"Pass"
43924,"Pass"
43925,"Fail"
43926,"Fail"
43927,"Pass"
43928,"Pass"
43929,"Pass"
43930,"Pass"
43931,"Fail"
43932,"Fail"
43933,"Pass"
43934,"Fail"
43935,"Pass"
43936,"Pass"
43937,"Pass"
43938,"Pass"
43939,"Fail"
43940,"Pass"
43941,"Pass"
43942,"Fail"
43943,"Pass"
43944,"Fail"
43945,"Fail"
43946,"Pass"
43947,"Pass"
43948,"Pass"
43949,"Fail"
43950,"Fail"
43951,"Pass"
43952,"Pass"
43953,"Pass"
43954,"Fail"
43955,"Fail"
43956,"Pass"
43957,"Fail"
43958,"Fail"
43959,"Pass"
43960,"Pass"
43961,"Pass"
43962,"Pass"
43963,"Pass"
43964,"Pass"
43965,"Pass"
43966,"Fail"
43967,"Pass"
43968,"Fail"
43969,"Fail"
43970,"Fail"
43971,"Fail"
43972,"Pass"
43973,"Fail"
43974,"Fail"
43975,"Fail"
43976,"Pass"
43977,"Fail"
43978,"Fail"
43979,"Pass"
43980,"Pass"
43981,"Pass"
43982,"Pass"
43983,"Pass"
43984,"Pass"
43985,"Fail"
43986,"Pass"
43987,"Pass"
43988,"Pass"
43989,"Fail"
43990,"Fail"
43991,"Pass"
43992,"Pass"
43993,"Pass"
43994,"Fail"
43995,"Pass"
43996,"Pass"
43997,"Fail"
43998,"Fail"
43999,"Pass"
44000,"Pass"
44001,"Pass"
44002,"Pass"
44003,"Pass"
44004,"Pass"
44005,"Fail"
44006,"Fail"
44007,"Pass"
44008,"Fail"
44009,"Fail"
44010,"Pass"
44011,"Fail"
44012,"Pass"
44013,"Pass"
44014,"Pass"
44015,"Pass"
44016,"Pass"
44017,"Pass"
44018,"Fail"
44019,"Fail"
44020,"Pass"
44021,"Fail"
44022,"Pass"
44023,"Pass"
44024,"Pass"
44025,"Pass"
44026,"Pass"
44027,"Fail"
44028,"Fail"
44029,"Fail"
44030,"Fail"
44031,"Fail"
44032,"Pass"
44033,"Pass"
44034,"Pass"
44035,"Pass"
44036,"Fail"
44037,"Fail"
44038,"Pass"
44039,"Pass"
44040,"Pass"
44041,"Pass"
44042,"Pass"
44043,"Fail"
44044,"Pass"
44045,"Fail"
44046,"Pass"
44047,"Pass"
44048,"Fail"
44049,"Fail"
44050,"Fail"
44051,"Pass"
44052,"Pass"
44053,"Pass"
44054,"Pass"
44055,"Pass"
44056,"Pass"
44057,"Pass"
44058,"Fail"
44059,"Pass"
44060,"Fail"
44061,"Fail"
44062,"Pass"
44063,"Pass"
44064,"Pass"
44065,"Pass"
44066,"Fail"
44067,"Pass"
44068,"Pass"
44069,"Pass"
44070,"Pass"
44071,"Fail"
44072,"Pass"
44073,"Fail"
44074,"Fail"
44075,"Pass"
44076,"Fail"
44077,"Fail"
44078,"Pass"
44079,"Pass"
44080,"Fail"
44081,"Fail"
44082,"Pass"
44083,"Pass"
44084,"Pass"
44085,"Fail"
44086,"Pass"
44087,"Pass"
44088,"Pass"
44089,"Fail"
44090,"Pass"
44091,"Fail"
44092,"Pass"
44093,"Fail"
44094,"Pass"
44095,"Pass"
44096,"Pass"
44097,"Pass"
44098,"Fail"
44099,"Fail"
44100,"Fail"
44101,"Pass"
44102,"Fail"
44103,"Fail"
44104,"Fail"
44105,"Fail"
44106,"Fail"
44107,"Pass"
44108,"Pass"
44109,"Pass"
44110,"Pass"
44111,"Fail"
44112,"Pass"
44113,"Pass"
44114,"Fail"
44115,"Pass"
44116,"Pass"
44117,"Pass"
44118,"Pass"
44119,"Fail"
44120,"Pass"
44121,"Fail"
44122,"Pass"
44123,"Fail"
44124,"Fail"
44125,"Fail"
44126,"Pass"
44127,"Fail"
44128,"Pass"
44129,"Pass"
44130,"Fail"
44131,"Fail"
44132,"Pass"
44133,"Pass"
44134,"Pass"
44135,"Pass"
44136,"Pass"
44137,"Fail"
44138,"Pass"
44139,"Fail"
44140,"Pass"
44141,"Pass"
44142,"Fail"
44143,"Fail"
44144,"Fail"
44145,"Fail"
44146,"Fail"
44147,"Pass"
44148,"Fail"
44149,"Pass"
44150,"Fail"
44151,"Pass"
44152,"Pass"
44153,"Pass"
44154,"Pass"
44155,"Fail"
44156,"Fail"
44157,"Pass"
44158,"Pass"
44159,"Pass"
44160,"Pass"
44161,"Pass"
44162,"Pass"
44163,"Pass"
44164,"Fail"
44165,"Pass"
44166,"Pass"
44167,"Fail"
44168,"Pass"
44169,"Pass"
44170,"Pass"
44171,"Pass"
44172,"Pass"
44173,"Fail"
44174,"Fail"
44175,"Fail"
44176,"Pass"
44177,"Pass"
44178,"Pass"
44179,"Fail"
44180,"Fail"
44181,"Fail"
44182,"Fail"
44183,"Fail"
44184,"Pass"
44185,"Pass"
44186,"Fail"
44187,"Pass"
44188,"Pass"
44189,"Pass"
44190,"Pass"
44191,"Pass"
44192,"Fail"
44193,"Fail"
44194,"Fail"
44195,"Fail"
44196,"Fail"
44197,"Pass"
44198,"Pass"
44199,"Pass"
44200,"Pass"
44201,"Pass"
44202,"Pass"
44203,"Fail"
44204,"Pass"
44205,"Pass"
44206,"Fail"
44207,"Fail"
44208,"Fail"
44209,"Pass"
44210,"Pass"
44211,"Fail"
44212,"Pass"
44213,"Fail"
44214,"Fail"
44215,"Fail"
44216,"Fail"
44217,"Fail"
44218,"Pass"
44219,"Pass"
44220,"Fail"
44221,"Pass"
44222,"Fail"
44223,"Pass"
44224,"Fail"
44225,"Pass"
44226,"Fail"
44227,"Pass"
44228,"Pass"
44229,"Pass"
44230,"Pass"
44231,"Pass"
44232,"Pass"
44233,"Pass"
44234,"Pass"
44235,"Pass"
44236,"Pass"
44237,"Pass"
44238,"Pass"
44239,"Pass"
44240,"Fail"
44241,"Pass"
44242,"Pass"
44243,"Fail"
44244,"Fail"
44245,"Fail"
44246,"Fail"
44247,"Fail"
44248,"Pass"
44249,"Pass"
44250,"Pass"
44251,"Pass"
44252,"Pass"
44253,"Pass"
44254,"Fail"
44255,"Pass"
44256,"Pass"
44257,"Pass"
44258,"Pass"
44259,"Pass"
44260,"Pass"
44261,"Pass"
44262,"Pass"
44263,"Fail"
44264,"Pass"
44265,"Pass"
44266,"Fail"
44267,"Pass"
44268,"Pass"
44269,"Pass"
44270,"Pass"
44271,"Fail"
44272,"Fail"
44273,"Pass"
44274,"Pass"
44275,"Pass"
44276,"Fail"
44277,"Fail"
44278,"Fail"
44279,"Pass"
44280,"Pass"
44281,"Fail"
44282,"Pass"
44283,"Pass"
44284,"Pass"
44285,"Pass"
44286,"Pass"
44287,"Pass"
44288,"Pass"
44289,"Fail"
44290,"Fail"
44291,"Pass"
44292,"Fail"
44293,"Pass"
44294,"Fail"
44295,"Fail"
44296,"Pass"
44297,"Pass"
44298,"Fail"
44299,"Pass"
44300,"Pass"
44301,"Pass"
44302,"Pass"
44303,"Pass"
44304,"Pass"
44305,"Fail"
44306,"Fail"
44307,"Pass"
44308,"Fail"
44309,"Pass"
44310,"Fail"
44311,"Pass"
44312,"Fail"
44313,"Fail"
44314,"Pass"
44315,"Pass"
44316,"Pass"
44317,"Fail"
44318,"Fail"
44319,"Pass"
44320,"Pass"
44321,"Fail"
44322,"Fail"
44323,"Fail"
44324,"Fail"
44325,"Pass"
44326,"Pass"
44327,"Fail"
44328,"Pass"
44329,"Pass"
44330,"Pass"
44331,"Pass"
44332,"Pass"
44333,"Pass"
44334,"Pass"
44335,"Pass"
44336,"Pass"
44337,"Pass"
44338,"Pass"
44339,"Pass"
44340,"Pass"
44341,"Pass"
44342,"Pass"
44343,"Pass"
44344,"Pass"
44345,"Pass"
44346,"Fail"
44347,"Fail"
44348,"Fail"
44349,"Pass"
44350,"Pass"
44351,"Fail"
44352,"Fail"
44353,"Fail"
44354,"Pass"
44355,"Pass"
44356,"Fail"
44357,"Pass"
44358,"Pass"
44359,"Fail"
44360,"Pass"
44361,"Fail"
44362,"Pass"
44363,"Pass"
44364,"Fail"
44365,"Fail"
44366,"Pass"
44367,"Fail"
44368,"Fail"
44369,"Fail"
44370,"Pass"
44371,"Fail"
44372,"Fail"
44373,"Fail"
44374,"Fail"
44375,"Pass"
44376,"Fail"
44377,"Fail"
44378,"Pass"
44379,"Pass"
44380,"Pass"
44381,"Pass"
44382,"Pass"
44383,"Pass"
44384,"Pass"
44385,"Pass"
44386,"Pass"
44387,"Pass"
44388,"Pass"
44389,"Pass"
44390,"Pass"
44391,"Fail"
44392,"Pass"
44393,"Fail"
44394,"Fail"
44395,"Pass"
44396,"Pass"
44397,"Pass"
44398,"Fail"
44399,"Pass"
44400,"Fail"
44401,"Pass"
44402,"Pass"
44403,"Pass"
44404,"Fail"
44405,"Fail"
44406,"Fail"
44407,"Fail"
44408,"Pass"
44409,"Pass"
44410,"Fail"
44411,"Fail"
44412,"Pass"
44413,"Fail"
44414,"Pass"
44415,"Pass"
44416,"Pass"
44417,"Pass"
44418,"Pass"
44419,"Fail"
44420,"Pass"
44421,"Fail"
44422,"Fail"
44423,"Pass"
44424,"Fail"
44425,"Pass"
44426,"Pass"
44427,"Pass"
44428,"Pass"
44429,"Pass"
44430,"Pass"
44431,"Fail"
44432,"Pass"
44433,"Pass"
44434,"Pass"
44435,"Pass"
44436,"Pass"
44437,"Pass"
44438,"Fail"
44439,"Fail"
44440,"Fail"
44441,"Pass"
44442,"Pass"
44443,"Pass"
44444,"Pass"
44445,"Pass"
44446,"Pass"
44447,"Fail"
44448,"Pass"
44449,"Pass"
44450,"Pass"
44451,"Pass"
44452,"Pass"
44453,"Pass"
44454,"Pass"
44455,"Pass"
44456,"Pass"
44457,"Fail"
44458,"Pass"
44459,"Fail"
44460,"Fail"
44461,"Pass"
44462,"Pass"
44463,"Fail"
44464,"Fail"
44465,"Pass"
44466,"Fail"
44467,"Pass"
44468,"Pass"
44469,"Fail"
44470,"Pass"
44471,"Fail"
44472,"Pass"
44473,"Fail"
44474,"Pass"
44475,"Fail"
44476,"Fail"
44477,"Pass"
44478,"Pass"
44479,"Pass"
44480,"Pass"
44481,"Fail"
44482,"Pass"
44483,"Fail"
44484,"Fail"
44485,"Fail"
44486,"Pass"
44487,"Pass"
44488,"Pass"
44489,"Pass"
44490,"Fail"
44491,"Pass"
44492,"Pass"
44493,"Pass"
44494,"Pass"
44495,"Pass"
44496,"Pass"
44497,"Fail"
44498,"Fail"
44499,"Pass"
44500,"Fail"
44501,"Fail"
44502,"Pass"
44503,"Pass"
44504,"Pass"
44505,"Pass"
44506,"Pass"
44507,"Pass"
44508,"Pass"
44509,"Pass"
44510,"Pass"
44511,"Pass"
44512,"Pass"
44513,"Fail"
44514,"Pass"
44515,"Fail"
44516,"Fail"
44517,"Pass"
44518,"Pass"
44519,"Fail"
44520,"Fail"
44521,"Fail"
44522,"Pass"
44523,"Pass"
44524,"Fail"
44525,"Pass"
44526,"Fail"
44527,"Pass"
44528,"Pass"
44529,"Pass"
44530,"Pass"
44531,"Pass"
44532,"Fail"
44533,"Pass"
44534,"Fail"
44535,"Pass"
44536,"Fail"
44537,"Pass"
44538,"Fail"
44539,"Pass"
44540,"Fail"
44541,"Pass"
44542,"Fail"
44543,"Pass"
44544,"Pass"
44545,"Fail"
44546,"Pass"
44547,"Fail"
44548,"Fail"
44549,"Pass"
44550,"Fail"
44551,"Fail"
44552,"Pass"
44553,"Fail"
44554,"Fail"
44555,"Fail"
44556,"Fail"
44557,"Fail"
44558,"Pass"
44559,"Pass"
44560,"Pass"
44561,"Pass"
44562,"Fail"
44563,"Pass"
44564,"Pass"
44565,"Fail"
44566,"Fail"
44567,"Pass"
44568,"Pass"
44569,"Fail"
44570,"Pass"
44571,"Pass"
44572,"Pass"
